00001-2.5.png (2500,2500,3)
00001-3.0.png (2500,2500,3)
00001-3.5.png (2500,2500,3)
00001-4.0.png (2500,2500,3)
00001-4.5.png (2500,2500,3)
00003-2.5.png (2500,2500,3)
00003-3.0.png (2500,2500,3)
00003-3.5.png (2500,2500,3)
00003-4.0.png (2500,2500,3)
00003-4.5.png (2500,2500,3)
00004-2.5.png (2500,2500,3)
00004-3.0.png (2500,2500,3)
00004-3.5.png (2500,2500,3)
00004-4.0.png (2500,2500,3)
00004-4.5.png (2500,2500,3)
00005-2.5.png (2500,2500,3)
00005-3.0.png (2500,2500,3)
00005-3.5.png (2500,2500,3)
00005-4.0.png (2500,2500,3)
00005-4.5.png (2500,2500,3)
00006-2.5.png (2500,2500,3)
00006-3.0.png (2500,2500,3)
00006-3.5.png (2500,2500,3)
00006-4.0.png (2500,2500,3)
00006-4.5.png (2500,2500,3)
00007-2.5.png (2500,2500,3)
00007-3.0.png (2500,2500,3)
00007-3.5.png (2500,2500,3)
00007-4.0.png (2500,2500,3)
00007-4.5.png (2500,2500,3)
00010-2.5.png (2500,2500,3)
00010-3.0.png (2500,2500,3)
00010-3.5.png (2500,2500,3)
00010-4.0.png (2500,2500,3)
00010-4.5.png (2500,2500,3)
00011-2.5.png (2500,2500,3)
00011-3.0.png (2500,2500,3)
00011-3.5.png (2500,2500,3)
00011-4.0.png (2500,2500,3)
00011-4.5.png (2500,2500,3)
00012-2.5.png (2500,2500,3)
00012-3.0.png (2500,2500,3)
00012-3.5.png (2500,2500,3)
00012-4.0.png (2500,2500,3)
00012-4.5.png (2500,2500,3)
00013-2.5.png (2500,2500,3)
00013-3.0.png (2500,2500,3)
00013-3.5.png (2500,2500,3)
00013-4.0.png (2500,2500,3)
00013-4.5.png (2500,2500,3)
00014-2.5.png (2500,2500,3)
00014-3.0.png (2500,2500,3)
00014-3.5.png (2500,2500,3)
00014-4.0.png (2500,2500,3)
00014-4.5.png (2500,2500,3)
00015-2.5.png (2500,2500,3)
00015-3.0.png (2500,2500,3)
00015-3.5.png (2500,2500,3)
00015-4.0.png (2500,2500,3)
00015-4.5.png (2500,2500,3)
00016-2.5.png (2500,2500,3)
00016-3.0.png (2500,2500,3)
00016-3.5.png (2500,2500,3)
00016-4.0.png (2500,2500,3)
00016-4.5.png (2500,2500,3)
00017-2.5.png (2500,2500,3)
00017-3.0.png (2500,2500,3)
00017-3.5.png (2500,2500,3)
00017-4.0.png (2500,2500,3)
00017-4.5.png (2500,2500,3)
00020-2.5.png (2500,2500,3)
00020-3.0.png (2500,2500,3)
00020-3.5.png (2500,2500,3)
00020-4.0.png (2500,2500,3)
00020-4.5.png (2500,2500,3)
00021-2.5.png (2500,2500,3)
00021-3.0.png (2500,2500,3)
00021-3.5.png (2500,2500,3)
00021-4.0.png (2500,2500,3)
00021-4.5.png (2500,2500,3)
00022-2.5.png (2500,2500,3)
00022-3.0.png (2500,2500,3)
00022-3.5.png (2500,2500,3)
00022-4.0.png (2500,2500,3)
00022-4.5.png (2500,2500,3)
00023-2.5.png (2500,2500,3)
00023-3.0.png (2500,2500,3)
00023-3.5.png (2500,2500,3)
00023-4.0.png (2500,2500,3)
00023-4.5.png (2500,2500,3)
00024-2.0.png (2500,2500,3)
00024-2.5.png (2500,2500,3)
00024-3.0.png (2500,2500,3)
00024-3.5.png (2500,2500,3)
00024-4.0.png (2500,2500,3)
00025-2.5.png (2500,2500,3)
00025-3.0.png (2500,2500,3)
00025-3.5.png (2500,2500,3)
00025-4.0.png (2500,2500,3)
00025-4.5.png (2500,2500,3)
00028-2.5.png (2500,2500,3)
00028-3.0.png (2500,2500,3)
00028-3.5.png (2500,2500,3)
00028-4.0.png (2500,2500,3)
00028-4.5.png (2500,2500,3)
00033-2.5.png (2500,2500,3)
00033-3.0.png (2500,2500,3)
00033-3.5.png (2500,2500,3)
00033-4.0.png (2500,2500,3)
00033-4.5.png (2500,2500,3)
00034-2.5.png (2500,2500,3)
00034-3.0.png (2500,2500,3)
00034-3.5.png (2500,2500,3)
00034-4.0.png (2500,2500,3)
00034-4.5.png (2500,2500,3)
00035-2.5.png (2500,2500,3)
00035-3.0.png (2500,2500,3)
00035-3.5.png (2500,2500,3)
00035-4.0.png (2500,2500,3)
00035-4.5.png (2500,2500,3)
00036-2.5.png (2500,2500,3)
00036-3.0.png (2500,2500,3)
00036-3.5.png (2500,2500,3)
00036-4.0.png (2500,2500,3)
00036-4.5.png (2500,2500,3)
00037-2.5.png (2500,2500,3)
00037-3.0.png (2500,2500,3)
00037-3.5.png (2500,2500,3)
00037-4.0.png (2500,2500,3)
00037-4.5.png (2500,2500,3)
00038-2.5.png (2500,2500,3)
00038-3.0.png (2500,2500,3)
00038-3.5.png (2500,2500,3)
00038-4.0.png (2500,2500,3)
00038-4.5.png (2500,2500,3)
00039-2.5.png (2500,2500,3)
00039-3.0.png (2500,2500,3)
00039-3.5.png (2500,2500,3)
00039-4.0.png (2500,2500,3)
00039-4.5.png (2500,2500,3)
00041-2.5.png (2500,2500,3)
00041-3.0.png (2500,2500,3)
00041-3.5.png (2500,2500,3)
00041-4.0.png (2500,2500,3)
00041-4.5.png (2500,2500,3)
00042-2.5.png (2500,2500,3)
00042-3.0.png (2500,2500,3)
00042-3.5.png (2500,2500,3)
00042-4.0.png (2500,2500,3)
00042-4.5.png (2500,2500,3)
00043-2.5.png (2500,2500,3)
00043-3.0.png (2500,2500,3)
00043-3.5.png (2500,2500,3)
00043-4.0.png (2500,2500,3)
00043-4.5.png (2500,2500,3)
00045-2.5.png (2500,2500,3)
00045-3.0.png (2500,2500,3)
00045-3.5.png (2500,2500,3)
00045-4.0.png (2500,2500,3)
00045-4.5.png (2500,2500,3)
00046-2.5.png (2500,2500,3)
00046-3.0.png (2500,2500,3)
00046-3.5.png (2500,2500,3)
00046-4.0.png (2500,2500,3)
00046-4.5.png (2500,2500,3)
00047-2.5.png (2500,2500,3)
00047-3.0.png (2500,2500,3)
00047-3.5.png (2500,2500,3)
00047-4.0.png (2500,2500,3)
00047-4.5.png (2500,2500,3)
00048-2.5.png (2500,2500,3)
00048-3.0.png (2500,2500,3)
00048-3.5.png (2500,2500,3)
00048-4.0.png (2500,2500,3)
00048-4.5.png (2500,2500,3)
00049-2.5.png (2500,2500,3)
00049-3.0.png (2500,2500,3)
00049-3.5.png (2500,2500,3)
00049-4.0.png (2500,2500,3)
00049-4.5.png (2500,2500,3)
00050-2.5.png (2500,2500,3)
00050-3.0.png (2500,2500,3)
00050-3.5.png (2500,2500,3)
00050-4.0.png (2500,2500,3)
00050-4.5.png (2500,2500,3)
00051-2.5.png (2500,2500,3)
00051-3.0.png (2500,2500,3)
00051-3.5.png (2500,2500,3)
00051-4.0.png (2500,2500,3)
00051-4.5.png (2500,2500,3)
00052-2.5.png (2500,2500,3)
00052-3.0.png (2500,2500,3)
00052-3.5.png (2500,2500,3)
00052-4.0.png (2500,2500,3)
00052-4.5.png (2500,2500,3)
00053-2.5.png (2500,2500,3)
00053-3.0.png (2500,2500,3)
00053-3.5.png (2500,2500,3)
00053-4.0.png (2500,2500,3)
00053-4.5.png (2500,2500,3)
00054-2.5.png (2500,2500,3)
00054-3.0.png (2500,2500,3)
00054-3.5.png (2500,2500,3)
00054-4.0.png (2500,2500,3)
00054-4.5.png (2500,2500,3)
00055-2.5.png (2500,2500,3)
00055-3.0.png (2500,2500,3)
00055-3.5.png (2500,2500,3)
00055-4.0.png (2500,2500,3)
00055-4.5.png (2500,2500,3)
00056-2.5.png (2500,2500,3)
00056-3.0.png (2500,2500,3)
00056-3.5.png (2500,2500,3)
00056-4.0.png (2500,2500,3)
00056-4.5.png (2500,2500,3)
00058-2.5.png (2500,2500,3)
00058-3.0.png (2500,2500,3)
00058-3.5.png (2500,2500,3)
00058-4.0.png (2500,2500,3)
00058-4.5.png (2500,2500,3)
00059-2.5.png (2500,2500,3)
00059-3.0.png (2500,2500,3)
00059-3.5.png (2500,2500,3)
00059-4.0.png (2500,2500,3)
00059-4.5.png (2500,2500,3)
00060-2.5.png (2500,2500,3)
00060-3.0.png (2500,2500,3)
00060-3.5.png (2500,2500,3)
00060-4.0.png (2500,2500,3)
00060-4.5.png (2500,2500,3)
00062-2.5.png (2500,2500,3)
00062-3.0.png (2500,2500,3)
00062-3.5.png (2500,2500,3)
00062-4.0.png (2500,2500,3)
00062-4.5.png (2500,2500,3)
00063-2.5.png (2500,2500,3)
00063-3.0.png (2500,2500,3)
00063-3.5.png (2500,2500,3)
00063-4.0.png (2500,2500,3)
00063-4.5.png (2500,2500,3)
00064-2.5.png (2500,2500,3)
00064-3.0.png (2500,2500,3)
00064-3.5.png (2500,2500,3)
00064-4.0.png (2500,2500,3)
00064-4.5.png (2500,2500,3)
00065-2.5.png (2500,2500,3)
00065-3.0.png (2500,2500,3)
00065-3.5.png (2500,2500,3)
00065-4.0.png (2500,2500,3)
00065-4.5.png (2500,2500,3)
00066-2.5.png (2500,2500,3)
00066-3.0.png (2500,2500,3)
00066-3.5.png (2500,2500,3)
00066-4.0.png (2500,2500,3)
00066-4.5.png (2500,2500,3)
00067-2.5.png (2500,2500,3)
00067-3.0.png (2500,2500,3)
00067-3.5.png (2500,2500,3)
00067-4.0.png (2500,2500,3)
00067-4.5.png (2500,2500,3)
00068-2.5.png (2500,2500,3)
00068-3.0.png (2500,2500,3)
00068-3.5.png (2500,2500,3)
00068-4.0.png (2500,2500,3)
00068-4.5.png (2500,2500,3)
00069-2.5.png (2500,2500,3)
00069-3.0.png (2500,2500,3)
00069-3.5.png (2500,2500,3)
00069-4.0.png (2500,2500,3)
00069-4.5.png (2500,2500,3)
00070-2.5.png (2500,2500,3)
00070-3.0.png (2500,2500,3)
00070-3.5.png (2500,2500,3)
00070-4.0.png (2500,2500,3)
00070-4.5.png (2500,2500,3)
00071-2.5.png (2500,2500,3)
00071-3.0.png (2500,2500,3)
00071-3.5.png (2500,2500,3)
00071-4.0.png (2500,2500,3)
00071-4.5.png (2500,2500,3)
00072-2.5.png (2500,2500,3)
00072-3.0.png (2500,2500,3)
00072-3.5.png (2500,2500,3)
00072-4.0.png (2500,2500,3)
00072-4.5.png (2500,2500,3)
00073-2.5.png (2500,2500,3)
00073-3.0.png (2500,2500,3)
00073-3.5.png (2500,2500,3)
00073-4.0.png (2500,2500,3)
00073-4.5.png (2500,2500,3)
00074-2.5.png (2500,2500,3)
00074-3.0.png (2500,2500,3)
00074-3.5.png (2500,2500,3)
00074-4.0.png (2500,2500,3)
00074-4.5.png (2500,2500,3)
00077-2.5.png (2500,2500,3)
00077-3.0.png (2500,2500,3)
00077-3.5.png (2500,2500,3)
00077-4.0.png (2500,2500,3)
00077-4.5.png (2500,2500,3)
00078-2.5.png (2500,2500,3)
00078-3.0.png (2500,2500,3)
00078-3.5.png (2500,2500,3)
00078-4.0.png (2500,2500,3)
00078-4.5.png (2500,2500,3)
00079-2.5.png (2500,2500,3)
00079-3.0.png (2500,2500,3)
00079-3.5.png (2500,2500,3)
00079-4.0.png (2500,2500,3)
00079-4.5.png (2500,2500,3)
00080-2.5.png (2500,2500,3)
00080-3.0.png (2500,2500,3)
00080-3.5.png (2500,2500,3)
00080-4.0.png (2500,2500,3)
00080-4.5.png (2500,2500,3)
00081-2.5.png (2500,2500,3)
00081-3.0.png (2500,2500,3)
00081-3.5.png (2500,2500,3)
00081-4.0.png (2500,2500,3)
00081-4.5.png (2500,2500,3)
00082-2.5.png (2500,2500,3)
00082-3.0.png (2500,2500,3)
00082-3.5.png (2500,2500,3)
00082-4.0.png (2500,2500,3)
00082-4.5.png (2500,2500,3)
00083-2.5.png (2500,2500,3)
00083-3.0.png (2500,2500,3)
00083-3.5.png (2500,2500,3)
00083-4.0.png (2500,2500,3)
00083-4.5.png (2500,2500,3)
00084-2.0.png (2500,2500,3)
00084-2.5.png (2500,2500,3)
00084-3.0.png (2500,2500,3)
00084-3.5.png (2500,2500,3)
00084-4.0.png (2500,2500,3)
00085-2.5.png (2500,2500,3)
00085-3.0.png (2500,2500,3)
00085-3.5.png (2500,2500,3)
00085-4.0.png (2500,2500,3)
00085-4.5.png (2500,2500,3)
00086-2.5.png (2500,2500,3)
00086-3.0.png (2500,2500,3)
00086-3.5.png (2500,2500,3)
00086-4.0.png (2500,2500,3)
00086-4.5.png (2500,2500,3)
00087-2.5.png (2500,2500,3)
00087-3.0.png (2500,2500,3)
00087-3.5.png (2500,2500,3)
00087-4.0.png (2500,2500,3)
00087-4.5.png (2500,2500,3)
00088-2.5.png (2500,2500,3)
00088-3.0.png (2500,2500,3)
00088-3.5.png (2500,2500,3)
00088-4.0.png (2500,2500,3)
00088-4.5.png (2500,2500,3)
00089-2.5.png (2500,2500,3)
00089-3.0.png (2500,2500,3)
00089-3.5.png (2500,2500,3)
00089-4.0.png (2500,2500,3)
00089-4.5.png (2500,2500,3)
00091-2.5.png (2500,2500,3)
00091-3.0.png (2500,2500,3)
00091-3.5.png (2500,2500,3)
00091-4.0.png (2500,2500,3)
00091-4.5.png (2500,2500,3)
00093-2.5.png (2500,2500,3)
00093-3.0.png (2500,2500,3)
00093-3.5.png (2500,2500,3)
00093-4.0.png (2500,2500,3)
00093-4.5.png (2500,2500,3)
00097-2.5.png (2500,2500,3)
00097-3.0.png (2500,2500,3)
00097-3.5.png (2500,2500,3)
00097-4.0.png (2500,2500,3)
00097-4.5.png (2500,2500,3)
00098-2.5.png (2500,2500,3)
00098-3.0.png (2500,2500,3)
00098-3.5.png (2500,2500,3)
00098-4.0.png (2500,2500,3)
00098-4.5.png (2500,2500,3)
00100-2.5.png (2500,2500,3)
00100-3.0.png (2500,2500,3)
00100-3.5.png (2500,2500,3)
00100-4.0.png (2500,2500,3)
00100-4.5.png (2500,2500,3)
00101-2.5.png (2500,2500,3)
00101-3.0.png (2500,2500,3)
00101-3.5.png (2500,2500,3)
00101-4.0.png (2500,2500,3)
00101-4.5.png (2500,2500,3)
00102-2.5.png (2500,2500,3)
00102-3.0.png (2500,2500,3)
00102-3.5.png (2500,2500,3)
00102-4.0.png (2500,2500,3)
00102-4.5.png (2500,2500,3)
00103-2.5.png (2500,2500,3)
00103-3.0.png (2500,2500,3)
00103-3.5.png (2500,2500,3)
00103-4.0.png (2500,2500,3)
00103-4.5.png (2500,2500,3)
00104-2.5.png (2500,2500,3)
00104-3.0.png (2500,2500,3)
00104-3.5.png (2500,2500,3)
00104-4.0.png (2500,2500,3)
00104-4.5.png (2500,2500,3)
00106-2.5.png (2500,2500,3)
00106-3.0.png (2500,2500,3)
00106-3.5.png (2500,2500,3)
00106-4.0.png (2500,2500,3)
00106-4.5.png (2500,2500,3)
00107-2.5.png (2500,2500,3)
00107-3.0.png (2500,2500,3)
00107-3.5.png (2500,2500,3)
00107-4.0.png (2500,2500,3)
00107-4.5.png (2500,2500,3)
00108-2.5.png (2500,2500,3)
00108-3.0.png (2500,2500,3)
00108-3.5.png (2500,2500,3)
00108-4.0.png (2500,2500,3)
00108-4.5.png (2500,2500,3)
00109-2.5.png (2500,2500,3)
00109-3.0.png (2500,2500,3)
00109-3.5.png (2500,2500,3)
00109-4.0.png (2500,2500,3)
00109-4.5.png (2500,2500,3)
00110-2.5.png (2500,2500,3)
00110-3.0.png (2500,2500,3)
00110-3.5.png (2500,2500,3)
00110-4.0.png (2500,2500,3)
00110-4.5.png (2500,2500,3)
00111-2.5.png (2500,2500,3)
00111-3.0.png (2500,2500,3)
00111-3.5.png (2500,2500,3)
00111-4.0.png (2500,2500,3)
00111-4.5.png (2500,2500,3)
00112-2.5.png (2500,2500,3)
00112-3.0.png (2500,2500,3)
00112-3.5.png (2500,2500,3)
00112-4.0.png (2500,2500,3)
00112-4.5.png (2500,2500,3)
00113-2.5.png (2500,2500,3)
00113-3.0.png (2500,2500,3)
00113-3.5.png (2500,2500,3)
00113-4.0.png (2500,2500,3)
00113-4.5.png (2500,2500,3)
00114-2.5.png (2500,2500,3)
00114-3.0.png (2500,2500,3)
00114-3.5.png (2500,2500,3)
00114-4.0.png (2500,2500,3)
00114-4.5.png (2500,2500,3)
00115-2.5.png (2500,2500,3)
00115-3.0.png (2500,2500,3)
00115-3.5.png (2500,2500,3)
00115-4.0.png (2500,2500,3)
00115-4.5.png (2500,2500,3)
00116-2.5.png (2500,2500,3)
00116-3.0.png (2500,2500,3)
00116-3.5.png (2500,2500,3)
00116-4.0.png (2500,2500,3)
00116-4.5.png (2500,2500,3)
00117-2.5.png (2500,2500,3)
00117-3.0.png (2500,2500,3)
00117-3.5.png (2500,2500,3)
00117-4.0.png (2500,2500,3)
00117-4.5.png (2500,2500,3)
00118-2.5.png (2500,2500,3)
00118-3.0.png (2500,2500,3)
00118-3.5.png (2500,2500,3)
00118-4.0.png (2500,2500,3)
00118-4.5.png (2500,2500,3)
00119-2.5.png (2500,2500,3)
00119-3.0.png (2500,2500,3)
00119-3.5.png (2500,2500,3)
00119-4.0.png (2500,2500,3)
00119-4.5.png (2500,2500,3)
00120-2.5.png (2500,2500,3)
00120-3.0.png (2500,2500,3)
00120-3.5.png (2500,2500,3)
00120-4.0.png (2500,2500,3)
00120-4.5.png (2500,2500,3)
00121-2.5.png (2500,2500,3)
00121-3.0.png (2500,2500,3)
00121-3.5.png (2500,2500,3)
00121-4.0.png (2500,2500,3)
00121-4.5.png (2500,2500,3)
00124-2.5.png (2500,2500,3)
00124-3.0.png (2500,2500,3)
00124-3.5.png (2500,2500,3)
00124-4.0.png (2500,2500,3)
00124-4.5.png (2500,2500,3)
00125-2.5.png (2500,2500,3)
00125-3.0.png (2500,2500,3)
00125-3.5.png (2500,2500,3)
00125-4.0.png (2500,2500,3)
00125-4.5.png (2500,2500,3)
00126-2.5.png (2500,2500,3)
00126-3.0.png (2500,2500,3)
00126-3.5.png (2500,2500,3)
00126-4.0.png (2500,2500,3)
00126-4.5.png (2500,2500,3)
00127-2.5.png (2500,2500,3)
00127-3.0.png (2500,2500,3)
00127-3.5.png (2500,2500,3)
00127-4.0.png (2500,2500,3)
00127-4.5.png (2500,2500,3)
00129-2.5.png (2500,2500,3)
00129-3.0.png (2500,2500,3)
00129-3.5.png (2500,2500,3)
00129-4.0.png (2500,2500,3)
00129-4.5.png (2500,2500,3)
00130-2.5.png (2500,2500,3)
00130-3.0.png (2500,2500,3)
00130-3.5.png (2500,2500,3)
00130-4.0.png (2500,2500,3)
00130-4.5.png (2500,2500,3)
00132-2.5.png (2500,2500,3)
00132-3.0.png (2500,2500,3)
00132-3.5.png (2500,2500,3)
00132-4.0.png (2500,2500,3)
00132-4.5.png (2500,2500,3)
00133-2.0.png (2500,2500,3)
00133-2.5.png (2500,2500,3)
00133-3.0.png (2500,2500,3)
00133-3.5.png (2500,2500,3)
00133-4.0.png (2500,2500,3)
00134-2.5.png (2500,2500,3)
00134-3.0.png (2500,2500,3)
00134-3.5.png (2500,2500,3)
00134-4.0.png (2500,2500,3)
00134-4.5.png (2500,2500,3)
00135-2.5.png (2500,2500,3)
00135-3.0.png (2500,2500,3)
00135-3.5.png (2500,2500,3)
00135-4.0.png (2500,2500,3)
00135-4.5.png (2500,2500,3)
00136-2.0.png (2500,2500,3)
00136-2.5.png (2500,2500,3)
00136-3.0.png (2500,2500,3)
00136-3.5.png (2500,2500,3)
00136-4.0.png (2500,2500,3)
00138-2.5.png (2500,2500,3)
00138-3.0.png (2500,2500,3)
00138-3.5.png (2500,2500,3)
00138-4.0.png (2500,2500,3)
00138-4.5.png (2500,2500,3)
00139-2.5.png (2500,2500,3)
00139-3.0.png (2500,2500,3)
00139-3.5.png (2500,2500,3)
00139-4.0.png (2500,2500,3)
00139-4.5.png (2500,2500,3)
00140-2.5.png (2500,2500,3)
00140-3.0.png (2500,2500,3)
00140-3.5.png (2500,2500,3)
00140-4.0.png (2500,2500,3)
00140-4.5.png (2500,2500,3)
00141-2.5.png (2500,2500,3)
00141-3.0.png (2500,2500,3)
00141-3.5.png (2500,2500,3)
00141-4.0.png (2500,2500,3)
00141-4.5.png (2500,2500,3)
00142-2.5.png (2500,2500,3)
00142-3.0.png (2500,2500,3)
00142-3.5.png (2500,2500,3)
00142-4.0.png (2500,2500,3)
00142-4.5.png (2500,2500,3)
00143-2.5.png (2500,2500,3)
00143-3.0.png (2500,2500,3)
00143-3.5.png (2500,2500,3)
00143-4.0.png (2500,2500,3)
00143-4.5.png (2500,2500,3)
00144-2.5.png (2500,2500,3)
00144-3.0.png (2500,2500,3)
00144-3.5.png (2500,2500,3)
00144-4.0.png (2500,2500,3)
00144-4.5.png (2500,2500,3)
00145-2.5.png (2500,2500,3)
00145-3.0.png (2500,2500,3)
00145-3.5.png (2500,2500,3)
00145-4.0.png (2500,2500,3)
00145-4.5.png (2500,2500,3)
00146-2.5.png (2500,2500,3)
00146-3.0.png (2500,2500,3)
00146-3.5.png (2500,2500,3)
00146-4.0.png (2500,2500,3)
00146-4.5.png (2500,2500,3)
00147-2.5.png (2500,2500,3)
00147-3.0.png (2500,2500,3)
00147-3.5.png (2500,2500,3)
00147-4.0.png (2500,2500,3)
00147-4.5.png (2500,2500,3)
00148-2.5.png (2500,2500,3)
00148-3.0.png (2500,2500,3)
00148-3.5.png (2500,2500,3)
00148-4.0.png (2500,2500,3)
00148-4.5.png (2500,2500,3)
00149-2.5.png (2500,2500,3)
00149-3.0.png (2500,2500,3)
00149-3.5.png (2500,2500,3)
00149-4.0.png (2500,2500,3)
00149-4.5.png (2500,2500,3)
00150-2.5.png (2500,2500,3)
00150-3.0.png (2500,2500,3)
00150-3.5.png (2500,2500,3)
00150-4.0.png (2500,2500,3)
00150-4.5.png (2500,2500,3)
00151-2.5.png (2500,2500,3)
00151-3.0.png (2500,2500,3)
00151-3.5.png (2500,2500,3)
00151-4.0.png (2500,2500,3)
00151-4.5.png (2500,2500,3)
00152-2.5.png (2500,2500,3)
00152-3.0.png (2500,2500,3)
00152-3.5.png (2500,2500,3)
00152-4.0.png (2500,2500,3)
00152-4.5.png (2500,2500,3)
00153-2.5.png (2500,2500,3)
00153-3.0.png (2500,2500,3)
00153-3.5.png (2500,2500,3)
00153-4.0.png (2500,2500,3)
00153-4.5.png (2500,2500,3)
00154-2.5.png (2500,2500,3)
00154-3.0.png (2500,2500,3)
00154-3.5.png (2500,2500,3)
00154-4.0.png (2500,2500,3)
00154-4.5.png (2500,2500,3)
00156-2.5.png (2500,2500,3)
00156-3.0.png (2500,2500,3)
00156-3.5.png (2500,2500,3)
00156-4.0.png (2500,2500,3)
00156-4.5.png (2500,2500,3)
00157-2.5.png (2500,2500,3)
00157-3.0.png (2500,2500,3)
00157-3.5.png (2500,2500,3)
00157-4.0.png (2500,2500,3)
00157-4.5.png (2500,2500,3)
00158-2.5.png (2500,2500,3)
00158-3.0.png (2500,2500,3)
00158-3.5.png (2500,2500,3)
00158-4.0.png (2500,2500,3)
00158-4.5.png (2500,2500,3)
00159-2.5.png (2500,2500,3)
00159-3.0.png (2500,2500,3)
00159-3.5.png (2500,2500,3)
00159-4.0.png (2500,2500,3)
00159-4.5.png (2500,2500,3)
00160-2.5.png (2500,2500,3)
00160-3.0.png (2500,2500,3)
00160-3.5.png (2500,2500,3)
00160-4.0.png (2500,2500,3)
00160-4.5.png (2500,2500,3)
00161-2.5.png (2500,2500,3)
00161-3.0.png (2500,2500,3)
00161-3.5.png (2500,2500,3)
00161-4.0.png (2500,2500,3)
00161-4.5.png (2500,2500,3)
00162-2.5.png (2500,2500,3)
00162-3.0.png (2500,2500,3)
00162-3.5.png (2500,2500,3)
00162-4.0.png (2500,2500,3)
00162-4.5.png (2500,2500,3)
00164-2.5.png (2500,2500,3)
00164-3.0.png (2500,2500,3)
00164-3.5.png (2500,2500,3)
00164-4.0.png (2500,2500,3)
00164-4.5.png (2500,2500,3)
00166-2.5.png (2500,2500,3)
00166-3.0.png (2500,2500,3)
00166-3.5.png (2500,2500,3)
00166-4.0.png (2500,2500,3)
00166-4.5.png (2500,2500,3)
00167-2.5.png (2500,2500,3)
00167-3.0.png (2500,2500,3)
00167-3.5.png (2500,2500,3)
00167-4.0.png (2500,2500,3)
00167-4.5.png (2500,2500,3)
00168-2.5.png (2500,2500,3)
00168-3.0.png (2500,2500,3)
00168-3.5.png (2500,2500,3)
00168-4.0.png (2500,2500,3)
00168-4.5.png (2500,2500,3)
00169-2.5.png (2500,2500,3)
00169-3.0.png (2500,2500,3)
00169-3.5.png (2500,2500,3)
00169-4.0.png (2500,2500,3)
00169-4.5.png (2500,2500,3)
00170-2.5.png (2500,2500,3)
00170-3.0.png (2500,2500,3)
00170-3.5.png (2500,2500,3)
00170-4.0.png (2500,2500,3)
00170-4.5.png (2500,2500,3)
00171-2.5.png (2500,2500,3)
00171-3.0.png (2500,2500,3)
00171-3.5.png (2500,2500,3)
00171-4.0.png (2500,2500,3)
00171-4.5.png (2500,2500,3)
00172-2.5.png (2500,2500,3)
00172-3.0.png (2500,2500,3)
00172-3.5.png (2500,2500,3)
00172-4.0.png (2500,2500,3)
00172-4.5.png (2500,2500,3)
00173-2.5.png (2500,2500,3)
00173-3.0.png (2500,2500,3)
00173-3.5.png (2500,2500,3)
00173-4.0.png (2500,2500,3)
00173-4.5.png (2500,2500,3)
00174-2.5.png (2500,2500,3)
00174-3.0.png (2500,2500,3)
00174-3.5.png (2500,2500,3)
00174-4.0.png (2500,2500,3)
00174-4.5.png (2500,2500,3)
00176-2.5.png (2500,2500,3)
00176-3.0.png (2500,2500,3)
00176-3.5.png (2500,2500,3)
00176-4.0.png (2500,2500,3)
00176-4.5.png (2500,2500,3)
00178-2.5.png (2500,2500,3)
00178-3.0.png (2500,2500,3)
00178-3.5.png (2500,2500,3)
00178-4.0.png (2500,2500,3)
00178-4.5.png (2500,2500,3)
00179-2.5.png (2500,2500,3)
00179-3.0.png (2500,2500,3)
00179-3.5.png (2500,2500,3)
00179-4.0.png (2500,2500,3)
00179-4.5.png (2500,2500,3)
00180-2.5.png (2500,2500,3)
00180-3.0.png (2500,2500,3)
00180-3.5.png (2500,2500,3)
00180-4.0.png (2500,2500,3)
00180-4.5.png (2500,2500,3)
00182-2.5.png (2500,2500,3)
00182-3.0.png (2500,2500,3)
00182-3.5.png (2500,2500,3)
00182-4.0.png (2500,2500,3)
00182-4.5.png (2500,2500,3)
00184-2.5.png (2500,2500,3)
00184-3.0.png (2500,2500,3)
00184-3.5.png (2500,2500,3)
00184-4.0.png (2500,2500,3)
00184-4.5.png (2500,2500,3)
00185-2.5.png (2500,2500,3)
00185-3.0.png (2500,2500,3)
00185-3.5.png (2500,2500,3)
00185-4.0.png (2500,2500,3)
00185-4.5.png (2500,2500,3)
00186-2.5.png (2500,2500,3)
00186-3.0.png (2500,2500,3)
00186-3.5.png (2500,2500,3)
00186-4.0.png (2500,2500,3)
00186-4.5.png (2500,2500,3)
00188-2.5.png (2500,2500,3)
00188-3.0.png (2500,2500,3)
00188-3.5.png (2500,2500,3)
00188-4.0.png (2500,2500,3)
00188-4.5.png (2500,2500,3)
00189-2.5.png (2500,2500,3)
00189-3.0.png (2500,2500,3)
00189-3.5.png (2500,2500,3)
00189-4.0.png (2500,2500,3)
00189-4.5.png (2500,2500,3)
00191-2.5.png (2500,2500,3)
00191-3.0.png (2500,2500,3)
00191-3.5.png (2500,2500,3)
00191-4.0.png (2500,2500,3)
00191-4.5.png (2500,2500,3)
00192-2.5.png (2500,2500,3)
00192-3.0.png (2500,2500,3)
00192-3.5.png (2500,2500,3)
00192-4.0.png (2500,2500,3)
00192-4.5.png (2500,2500,3)
00193-2.5.png (2500,2500,3)
00193-3.0.png (2500,2500,3)
00193-3.5.png (2500,2500,3)
00193-4.0.png (2500,2500,3)
00193-4.5.png (2500,2500,3)
00194-2.5.png (2500,2500,3)
00194-3.0.png (2500,2500,3)
00194-3.5.png (2500,2500,3)
00194-4.0.png (2500,2500,3)
00194-4.5.png (2500,2500,3)
00196-2.5.png (2500,2500,3)
00196-3.0.png (2500,2500,3)
00196-3.5.png (2500,2500,3)
00196-4.0.png (2500,2500,3)
00196-4.5.png (2500,2500,3)
00197-2.5.png (2500,2500,3)
00197-3.0.png (2500,2500,3)
00197-3.5.png (2500,2500,3)
00197-4.0.png (2500,2500,3)
00197-4.5.png (2500,2500,3)
00198-2.5.png (2500,2500,3)
00198-3.0.png (2500,2500,3)
00198-3.5.png (2500,2500,3)
00198-4.0.png (2500,2500,3)
00198-4.5.png (2500,2500,3)
00199-2.5.png (2500,2500,3)
00199-3.0.png (2500,2500,3)
00199-3.5.png (2500,2500,3)
00199-4.0.png (2500,2500,3)
00199-4.5.png (2500,2500,3)
00200-2.5.png (2500,2500,3)
00200-3.0.png (2500,2500,3)
00200-3.5.png (2500,2500,3)
00200-4.0.png (2500,2500,3)
00200-4.5.png (2500,2500,3)
00201-2.5.png (2500,2500,3)
00201-3.0.png (2500,2500,3)
00201-3.5.png (2500,2500,3)
00201-4.0.png (2500,2500,3)
00201-4.5.png (2500,2500,3)
00203-2.5.png (2500,2500,3)
00203-3.0.png (2500,2500,3)
00203-3.5.png (2500,2500,3)
00203-4.0.png (2500,2500,3)
00203-4.5.png (2500,2500,3)
00204-2.5.png (2500,2500,3)
00204-3.0.png (2500,2500,3)
00204-3.5.png (2500,2500,3)
00204-4.0.png (2500,2500,3)
00204-4.5.png (2500,2500,3)
00205-2.5.png (2500,2500,3)
00205-3.0.png (2500,2500,3)
00205-3.5.png (2500,2500,3)
00205-4.0.png (2500,2500,3)
00205-4.5.png (2500,2500,3)
00207-2.5.png (2500,2500,3)
00207-3.0.png (2500,2500,3)
00207-3.5.png (2500,2500,3)
00207-4.0.png (2500,2500,3)
00207-4.5.png (2500,2500,3)
00208-2.5.png (2500,2500,3)
00208-3.0.png (2500,2500,3)
00208-3.5.png (2500,2500,3)
00208-4.0.png (2500,2500,3)
00208-4.5.png (2500,2500,3)
00209-2.5.png (2500,2500,3)
00209-3.0.png (2500,2500,3)
00209-3.5.png (2500,2500,3)
00209-4.0.png (2500,2500,3)
00209-4.5.png (2500,2500,3)
00210-2.5.png (2500,2500,3)
00210-3.0.png (2500,2500,3)
00210-3.5.png (2500,2500,3)
00210-4.0.png (2500,2500,3)
00210-4.5.png (2500,2500,3)
00211-2.5.png (2500,2500,3)
00211-3.0.png (2500,2500,3)
00211-3.5.png (2500,2500,3)
00211-4.0.png (2500,2500,3)
00211-4.5.png (2500,2500,3)
00212-2.5.png (2500,2500,3)
00212-3.0.png (2500,2500,3)
00212-3.5.png (2500,2500,3)
00212-4.0.png (2500,2500,3)
00212-4.5.png (2500,2500,3)
00213-2.5.png (2500,2500,3)
00213-3.0.png (2500,2500,3)
00213-3.5.png (2500,2500,3)
00213-4.0.png (2500,2500,3)
00213-4.5.png (2500,2500,3)
00214-2.5.png (2500,2500,3)
00214-3.0.png (2500,2500,3)
00214-3.5.png (2500,2500,3)
00214-4.0.png (2500,2500,3)
00214-4.5.png (2500,2500,3)
00215-2.5.png (2500,2500,3)
00215-3.0.png (2500,2500,3)
00215-3.5.png (2500,2500,3)
00215-4.0.png (2500,2500,3)
00215-4.5.png (2500,2500,3)
00216-2.5.png (2500,2500,3)
00216-3.0.png (2500,2500,3)
00216-3.5.png (2500,2500,3)
00216-4.0.png (2500,2500,3)
00216-4.5.png (2500,2500,3)
00217-2.5.png (2500,2500,3)
00217-3.0.png (2500,2500,3)
00217-3.5.png (2500,2500,3)
00217-4.0.png (2500,2500,3)
00217-4.5.png (2500,2500,3)
00219-2.5.png (2500,2500,3)
00219-3.0.png (2500,2500,3)
00219-3.5.png (2500,2500,3)
00219-4.0.png (2500,2500,3)
00219-4.5.png (2500,2500,3)
00220-2.5.png (2500,2500,3)
00220-3.0.png (2500,2500,3)
00220-3.5.png (2500,2500,3)
00220-4.0.png (2500,2500,3)
00220-4.5.png (2500,2500,3)
00221-2.5.png (2500,2500,3)
00221-3.0.png (2500,2500,3)
00221-3.5.png (2500,2500,3)
00221-4.0.png (2500,2500,3)
00221-4.5.png (2500,2500,3)
00222-2.5.png (2500,2500,3)
00222-3.0.png (2500,2500,3)
00222-3.5.png (2500,2500,3)
00222-4.0.png (2500,2500,3)
00222-4.5.png (2500,2500,3)
00223-2.5.png (2500,2500,3)
00223-3.0.png (2500,2500,3)
00223-3.5.png (2500,2500,3)
00223-4.0.png (2500,2500,3)
00223-4.5.png (2500,2500,3)
00225-3.0.png (2500,2500,3)
00225-3.5.png (2500,2500,3)
00225-4.0.png (2500,2500,3)
00225-4.5.png (2500,2500,3)
00225-5.0.png (2500,2500,3)
00226-3.0.png (2500,2500,3)
00226-3.5.png (2500,2500,3)
00226-4.0.png (2500,2500,3)
00226-4.5.png (2500,2500,3)
00226-5.0.png (2500,2500,3)
00228-3.0.png (2500,2500,3)
00228-3.5.png (2500,2500,3)
00228-4.0.png (2500,2500,3)
00228-4.5.png (2500,2500,3)
00228-5.0.png (2500,2500,3)
00229-3.0.png (2500,2500,3)
00229-3.5.png (2500,2500,3)
00229-4.0.png (2500,2500,3)
00229-4.5.png (2500,2500,3)
00229-5.0.png (2500,2500,3)
00231-3.0.png (2500,2500,3)
00231-3.5.png (2500,2500,3)
00231-4.0.png (2500,2500,3)
00231-4.5.png (2500,2500,3)
00231-5.0.png (2500,2500,3)
00232-3.0.png (2500,2500,3)
00232-3.5.png (2500,2500,3)
00232-4.0.png (2500,2500,3)
00232-4.5.png (2500,2500,3)
00232-5.0.png (2500,2500,3)
00233-3.0.png (2500,2500,3)
00233-3.5.png (2500,2500,3)
00233-4.0.png (2500,2500,3)
00233-4.5.png (2500,2500,3)
00233-5.0.png (2500,2500,3)
00234-3.0.png (2500,2500,3)
00234-3.5.png (2500,2500,3)
00234-4.0.png (2500,2500,3)
00234-4.5.png (2500,2500,3)
00234-5.0.png (2500,2500,3)
00235-3.0.png (2500,2500,3)
00235-3.5.png (2500,2500,3)
00235-4.0.png (2500,2500,3)
00235-4.5.png (2500,2500,3)
00235-5.0.png (2500,2500,3)
00236-3.0.png (2500,2500,3)
00236-3.5.png (2500,2500,3)
00236-4.0.png (2500,2500,3)
00236-4.5.png (2500,2500,3)
00236-5.0.png (2500,2500,3)
00238-3.0.png (2500,2500,3)
00238-3.5.png (2500,2500,3)
00238-4.0.png (2500,2500,3)
00238-4.5.png (2500,2500,3)
00238-5.0.png (2500,2500,3)
00239-3.0.png (2500,2500,3)
00239-3.5.png (2500,2500,3)
00239-4.0.png (2500,2500,3)
00239-4.5.png (2500,2500,3)
00239-5.0.png (2500,2500,3)
00240-3.0.png (2500,2500,3)
00240-3.5.png (2500,2500,3)
00240-4.0.png (2500,2500,3)
00240-4.5.png (2500,2500,3)
00240-5.0.png (2500,2500,3)
00242-3.0.png (2500,2500,3)
00242-3.5.png (2500,2500,3)
00242-4.0.png (2500,2500,3)
00242-4.5.png (2500,2500,3)
00242-5.0.png (2500,2500,3)
00243-3.0.png (2500,2500,3)
00243-3.5.png (2500,2500,3)
00243-4.0.png (2500,2500,3)
00243-4.5.png (2500,2500,3)
00243-5.0.png (2500,2500,3)
00245-3.0.png (2500,2500,3)
00245-3.5.png (2500,2500,3)
00245-4.0.png (2500,2500,3)
00245-4.5.png (2500,2500,3)
00245-5.0.png (2500,2500,3)
00246-3.0.png (2500,2500,3)
00246-3.5.png (2500,2500,3)
00246-4.0.png (2500,2500,3)
00246-4.5.png (2500,2500,3)
00246-5.0.png (2500,2500,3)
00247-3.0.png (2500,2500,3)
00247-3.5.png (2500,2500,3)
00247-4.0.png (2500,2500,3)
00247-4.5.png (2500,2500,3)
00247-5.0.png (2500,2500,3)
00248-3.0.png (2500,2500,3)
00248-3.5.png (2500,2500,3)
00248-4.0.png (2500,2500,3)
00248-4.5.png (2500,2500,3)
00248-5.0.png (2500,2500,3)
00249-3.0.png (2500,2500,3)
00249-3.5.png (2500,2500,3)
00249-4.0.png (2500,2500,3)
00249-4.5.png (2500,2500,3)
00249-5.0.png (2500,2500,3)
00250-3.0.png (2500,2500,3)
00250-3.5.png (2500,2500,3)
00250-4.0.png (2500,2500,3)
00250-4.5.png (2500,2500,3)
00250-5.0.png (2500,2500,3)
00251-3.0.png (2500,2500,3)
00251-3.5.png (2500,2500,3)
00251-4.0.png (2500,2500,3)
00251-4.5.png (2500,2500,3)
00251-5.0.png (2500,2500,3)
00252-3.0.png (2500,2500,3)
00252-3.5.png (2500,2500,3)
00252-4.0.png (2500,2500,3)
00252-4.5.png (2500,2500,3)
00252-5.0.png (2500,2500,3)
00253-3.0.png (2500,2500,3)
00253-3.5.png (2500,2500,3)
00253-4.0.png (2500,2500,3)
00253-4.5.png (2500,2500,3)
00253-5.0.png (2500,2500,3)
00254-3.0.png (2500,2500,3)
00254-3.5.png (2500,2500,3)
00254-4.0.png (2500,2500,3)
00254-4.5.png (2500,2500,3)
00254-5.0.png (2500,2500,3)
00255-3.0.png (2500,2500,3)
00255-3.5.png (2500,2500,3)
00255-4.0.png (2500,2500,3)
00255-4.5.png (2500,2500,3)
00255-5.0.png (2500,2500,3)
00257-3.0.png (2500,2500,3)
00257-3.5.png (2500,2500,3)
00257-4.0.png (2500,2500,3)
00257-4.5.png (2500,2500,3)
00257-5.0.png (2500,2500,3)
00258-3.0.png (2500,2500,3)
00258-3.5.png (2500,2500,3)
00258-4.0.png (2500,2500,3)
00258-4.5.png (2500,2500,3)
00258-5.0.png (2500,2500,3)
00259-3.0.png (2500,2500,3)
00259-3.5.png (2500,2500,3)
00259-4.0.png (2500,2500,3)
00259-4.5.png (2500,2500,3)
00259-5.0.png (2500,2500,3)
00261-3.0.png (2500,2500,3)
00261-3.5.png (2500,2500,3)
00261-4.0.png (2500,2500,3)
00261-4.5.png (2500,2500,3)
00261-5.0.png (2500,2500,3)
00262-3.0.png (2500,2500,3)
00262-3.5.png (2500,2500,3)
00262-4.0.png (2500,2500,3)
00262-4.5.png (2500,2500,3)
00262-5.0.png (2500,2500,3)
00263-3.0.png (2500,2500,3)
00263-3.5.png (2500,2500,3)
00263-4.0.png (2500,2500,3)
00263-4.5.png (2500,2500,3)
00263-5.0.png (2500,2500,3)
00264-3.0.png (2500,2500,3)
00264-3.5.png (2500,2500,3)
00264-4.0.png (2500,2500,3)
00264-4.5.png (2500,2500,3)
00264-5.0.png (2500,2500,3)
00265-3.0.png (2500,2500,3)
00265-3.5.png (2500,2500,3)
00265-4.0.png (2500,2500,3)
00265-4.5.png (2500,2500,3)
00265-5.0.png (2500,2500,3)
00267-3.0.png (2500,2500,3)
00267-3.5.png (2500,2500,3)
00267-4.0.png (2500,2500,3)
00267-4.5.png (2500,2500,3)
00267-5.0.png (2500,2500,3)
00269-3.0.png (2500,2500,3)
00269-3.5.png (2500,2500,3)
00269-4.0.png (2500,2500,3)
00269-4.5.png (2500,2500,3)
00269-5.0.png (2500,2500,3)
00270-3.0.png (2500,2500,3)
00270-3.5.png (2500,2500,3)
00270-4.0.png (2500,2500,3)
00270-4.5.png (2500,2500,3)
00270-5.0.png (2500,2500,3)
00271-3.0.png (2500,2500,3)
00271-3.5.png (2500,2500,3)
00271-4.0.png (2500,2500,3)
00271-4.5.png (2500,2500,3)
00271-5.0.png (2500,2500,3)
00272-3.0.png (2500,2500,3)
00272-3.5.png (2500,2500,3)
00272-4.0.png (2500,2500,3)
00272-4.5.png (2500,2500,3)
00272-5.0.png (2500,2500,3)
00273-3.0.png (2500,2500,3)
00273-3.5.png (2500,2500,3)
00273-4.0.png (2500,2500,3)
00273-4.5.png (2500,2500,3)
00273-5.0.png (2500,2500,3)
00274-3.0.png (2500,2500,3)
00274-3.5.png (2500,2500,3)
00274-4.0.png (2500,2500,3)
00274-4.5.png (2500,2500,3)
00274-5.0.png (2500,2500,3)
00275-3.0.png (2500,2500,3)
00275-3.5.png (2500,2500,3)
00275-4.0.png (2500,2500,3)
00275-4.5.png (2500,2500,3)
00275-5.0.png (2500,2500,3)
00276-3.0.png (2500,2500,3)
00276-3.5.png (2500,2500,3)
00276-4.0.png (2500,2500,3)
00276-4.5.png (2500,2500,3)
00276-5.0.png (2500,2500,3)
00277-3.0.png (2500,2500,3)
00277-3.5.png (2500,2500,3)
00277-4.0.png (2500,2500,3)
00277-4.5.png (2500,2500,3)
00277-5.0.png (2500,2500,3)
00278-3.0.png (2500,2500,3)
00278-3.5.png (2500,2500,3)
00278-4.0.png (2500,2500,3)
00278-4.5.png (2500,2500,3)
00278-5.0.png (2500,2500,3)
00279-3.0.png (2500,2500,3)
00279-3.5.png (2500,2500,3)
00279-4.0.png (2500,2500,3)
00279-4.5.png (2500,2500,3)
00279-5.0.png (2500,2500,3)
00280-3.0.png (2500,2500,3)
00280-3.5.png (2500,2500,3)
00280-4.0.png (2500,2500,3)
00280-4.5.png (2500,2500,3)
00280-5.0.png (2500,2500,3)
00281-3.0.png (2500,2500,3)
00281-3.5.png (2500,2500,3)
00281-4.0.png (2500,2500,3)
00281-4.5.png (2500,2500,3)
00281-5.0.png (2500,2500,3)
00282-3.0.png (2500,2500,3)
00282-3.5.png (2500,2500,3)
00282-4.0.png (2500,2500,3)
00282-4.5.png (2500,2500,3)
00282-5.0.png (2500,2500,3)
00283-3.0.png (2500,2500,3)
00283-3.5.png (2500,2500,3)
00283-4.0.png (2500,2500,3)
00283-4.5.png (2500,2500,3)
00283-5.0.png (2500,2500,3)
00284-3.0.png (2500,2500,3)
00284-3.5.png (2500,2500,3)
00284-4.0.png (2500,2500,3)
00284-4.5.png (2500,2500,3)
00284-5.0.png (2500,2500,3)
00285-3.0.png (2500,2500,3)
00285-3.5.png (2500,2500,3)
00285-4.0.png (2500,2500,3)
00285-4.5.png (2500,2500,3)
00285-5.0.png (2500,2500,3)
00286-3.0.png (2500,2500,3)
00286-3.5.png (2500,2500,3)
00286-4.0.png (2500,2500,3)
00286-4.5.png (2500,2500,3)
00286-5.0.png (2500,2500,3)
00289-3.0.png (2500,2500,3)
00289-3.5.png (2500,2500,3)
00289-4.0.png (2500,2500,3)
00289-4.5.png (2500,2500,3)
00289-5.0.png (2500,2500,3)
00290-3.0.png (2500,2500,3)
00290-3.5.png (2500,2500,3)
00290-4.0.png (2500,2500,3)
00290-4.5.png (2500,2500,3)
00290-5.0.png (2500,2500,3)
00291-3.0.png (2500,2500,3)
00291-3.5.png (2500,2500,3)
00291-4.0.png (2500,2500,3)
00291-4.5.png (2500,2500,3)
00291-5.0.png (2500,2500,3)
00292-3.0.png (2500,2500,3)
00292-3.5.png (2500,2500,3)
00292-4.0.png (2500,2500,3)
00292-4.5.png (2500,2500,3)
00292-5.0.png (2500,2500,3)
00293-3.0.png (2500,2500,3)
00293-3.5.png (2500,2500,3)
00293-4.0.png (2500,2500,3)
00293-4.5.png (2500,2500,3)
00293-5.0.png (2500,2500,3)
00294-3.0.png (2500,2500,3)
00294-3.5.png (2500,2500,3)
00294-4.0.png (2500,2500,3)
00294-4.5.png (2500,2500,3)
00294-5.0.png (2500,2500,3)
00295-3.0.png (2500,2500,3)
00295-3.5.png (2500,2500,3)
00295-4.0.png (2500,2500,3)
00295-4.5.png (2500,2500,3)
00295-5.0.png (2500,2500,3)
00296-3.0.png (2500,2500,3)
00296-3.5.png (2500,2500,3)
00296-4.0.png (2500,2500,3)
00296-4.5.png (2500,2500,3)
00296-5.0.png (2500,2500,3)
00298-3.0.png (2500,2500,3)
00298-3.5.png (2500,2500,3)
00298-4.0.png (2500,2500,3)
00298-4.5.png (2500,2500,3)
00298-5.0.png (2500,2500,3)
00299-3.0.png (2500,2500,3)
00299-3.5.png (2500,2500,3)
00299-4.0.png (2500,2500,3)
00299-4.5.png (2500,2500,3)
00299-5.0.png (2500,2500,3)
00300-3.0.png (2500,2500,3)
00300-3.5.png (2500,2500,3)
00300-4.0.png (2500,2500,3)
00300-4.5.png (2500,2500,3)
00300-5.0.png (2500,2500,3)
00301-3.0.png (2500,2500,3)
00301-3.5.png (2500,2500,3)
00301-4.0.png (2500,2500,3)
00301-4.5.png (2500,2500,3)
00301-5.0.png (2500,2500,3)
00302-3.0.png (2500,2500,3)
00302-3.5.png (2500,2500,3)
00302-4.0.png (2500,2500,3)
00302-4.5.png (2500,2500,3)
00302-5.0.png (2500,2500,3)
00304-3.0.png (2500,2500,3)
00304-3.5.png (2500,2500,3)
00304-4.0.png (2500,2500,3)
00304-4.5.png (2500,2500,3)
00304-5.0.png (2500,2500,3)
00305-3.0.png (2500,2500,3)
00305-3.5.png (2500,2500,3)
00305-4.0.png (2500,2500,3)
00305-4.5.png (2500,2500,3)
00305-5.0.png (2500,2500,3)
00306-3.0.png (2500,2500,3)
00306-3.5.png (2500,2500,3)
00306-4.0.png (2500,2500,3)
00306-4.5.png (2500,2500,3)
00306-5.0.png (2500,2500,3)
00307-3.0.png (2500,2500,3)
00307-3.5.png (2500,2500,3)
00307-4.0.png (2500,2500,3)
00307-4.5.png (2500,2500,3)
00307-5.0.png (2500,2500,3)
00308-3.0.png (2500,2500,3)
00308-3.5.png (2500,2500,3)
00308-4.0.png (2500,2500,3)
00308-4.5.png (2500,2500,3)
00308-5.0.png (2500,2500,3)
00309-3.0.png (2500,2500,3)
00309-3.5.png (2500,2500,3)
00309-4.0.png (2500,2500,3)
00309-4.5.png (2500,2500,3)
00309-5.0.png (2500,2500,3)
00310-3.0.png (2500,2500,3)
00310-3.5.png (2500,2500,3)
00310-4.0.png (2500,2500,3)
00310-4.5.png (2500,2500,3)
00310-5.0.png (2500,2500,3)
00313-3.0.png (2500,2500,3)
00313-3.5.png (2500,2500,3)
00313-4.0.png (2500,2500,3)
00313-4.5.png (2500,2500,3)
00313-5.0.png (2500,2500,3)
00314-3.0.png (2500,2500,3)
00314-3.5.png (2500,2500,3)
00314-4.0.png (2500,2500,3)
00314-4.5.png (2500,2500,3)
00314-5.0.png (2500,2500,3)
00315-3.0.png (2500,2500,3)
00315-3.5.png (2500,2500,3)
00315-4.0.png (2500,2500,3)
00315-4.5.png (2500,2500,3)
00315-5.0.png (2500,2500,3)
00316-3.0.png (2500,2500,3)
00316-3.5.png (2500,2500,3)
00316-4.0.png (2500,2500,3)
00316-4.5.png (2500,2500,3)
00316-5.0.png (2500,2500,3)
00317-3.0.png (2500,2500,3)
00317-3.5.png (2500,2500,3)
00317-4.0.png (2500,2500,3)
00317-4.5.png (2500,2500,3)
00317-5.0.png (2500,2500,3)
00318-3.0.png (2500,2500,3)
00318-3.5.png (2500,2500,3)
00318-4.0.png (2500,2500,3)
00318-4.5.png (2500,2500,3)
00318-5.0.png (2500,2500,3)
00319-3.0.png (2500,2500,3)
00319-3.5.png (2500,2500,3)
00319-4.0.png (2500,2500,3)
00319-4.5.png (2500,2500,3)
00319-5.0.png (2500,2500,3)
00321-3.0.png (2500,2500,3)
00321-3.5.png (2500,2500,3)
00321-4.0.png (2500,2500,3)
00321-4.5.png (2500,2500,3)
00321-5.0.png (2500,2500,3)
00322-3.0.png (2500,2500,3)
00322-3.5.png (2500,2500,3)
00322-4.0.png (2500,2500,3)
00322-4.5.png (2500,2500,3)
00322-5.0.png (2500,2500,3)
00324-3.0.png (2500,2500,3)
00324-3.5.png (2500,2500,3)
00324-4.0.png (2500,2500,3)
00324-4.5.png (2500,2500,3)
00324-5.0.png (2500,2500,3)
00326-3.0.png (2500,2500,3)
00326-3.5.png (2500,2500,3)
00326-4.0.png (2500,2500,3)
00326-4.5.png (2500,2500,3)
00326-5.0.png (2500,2500,3)
00327-3.0.png (2500,2500,3)
00327-3.5.png (2500,2500,3)
00327-4.0.png (2500,2500,3)
00327-4.5.png (2500,2500,3)
00327-5.0.png (2500,2500,3)
00328-3.0.png (2500,2500,3)
00328-3.5.png (2500,2500,3)
00328-4.0.png (2500,2500,3)
00328-4.5.png (2500,2500,3)
00328-5.0.png (2500,2500,3)
00329-3.0.png (2500,2500,3)
00329-3.5.png (2500,2500,3)
00329-4.0.png (2500,2500,3)
00329-4.5.png (2500,2500,3)
00329-5.0.png (2500,2500,3)
00330-3.0.png (2500,2500,3)
00330-3.5.png (2500,2500,3)
00330-4.0.png (2500,2500,3)
00330-4.5.png (2500,2500,3)
00330-5.0.png (2500,2500,3)
00331-3.0.png (2500,2500,3)
00331-3.5.png (2500,2500,3)
00331-4.0.png (2500,2500,3)
00331-4.5.png (2500,2500,3)
00331-5.0.png (2500,2500,3)
00332-3.0.png (2500,2500,3)
00332-3.5.png (2500,2500,3)
00332-4.0.png (2500,2500,3)
00332-4.5.png (2500,2500,3)
00332-5.0.png (2500,2500,3)
00333-3.0.png (2500,2500,3)
00333-3.5.png (2500,2500,3)
00333-4.0.png (2500,2500,3)
00333-4.5.png (2500,2500,3)
00333-5.0.png (2500,2500,3)
00335-3.0.png (2500,2500,3)
00335-3.5.png (2500,2500,3)
00335-4.0.png (2500,2500,3)
00335-4.5.png (2500,2500,3)
00335-5.0.png (2500,2500,3)
00336-3.0.png (2500,2500,3)
00336-3.5.png (2500,2500,3)
00336-4.0.png (2500,2500,3)
00336-4.5.png (2500,2500,3)
00336-5.0.png (2500,2500,3)
00338-3.0.png (2500,2500,3)
00338-3.5.png (2500,2500,3)
00338-4.0.png (2500,2500,3)
00338-4.5.png (2500,2500,3)
00338-5.0.png (2500,2500,3)
00340-3.0.png (2500,2500,3)
00340-3.5.png (2500,2500,3)
00340-4.0.png (2500,2500,3)
00340-4.5.png (2500,2500,3)
00340-5.0.png (2500,2500,3)
00341-3.0.png (2500,2500,3)
00341-3.5.png (2500,2500,3)
00341-4.0.png (2500,2500,3)
00341-4.5.png (2500,2500,3)
00341-5.0.png (2500,2500,3)
00342-3.0.png (2500,2500,3)
00342-3.5.png (2500,2500,3)
00342-4.0.png (2500,2500,3)
00342-4.5.png (2500,2500,3)
00342-5.0.png (2500,2500,3)
00344-3.0.png (2500,2500,3)
00344-3.5.png (2500,2500,3)
00344-4.0.png (2500,2500,3)
00344-4.5.png (2500,2500,3)
00344-5.0.png (2500,2500,3)
00348-3.0.png (2500,2500,3)
00348-3.5.png (2500,2500,3)
00348-4.0.png (2500,2500,3)
00348-4.5.png (2500,2500,3)
00348-5.0.png (2500,2500,3)
00349-3.0.png (2500,2500,3)
00349-3.5.png (2500,2500,3)
00349-4.0.png (2500,2500,3)
00349-4.5.png (2500,2500,3)
00349-5.0.png (2500,2500,3)
00352-3.0.png (2500,2500,3)
00352-3.5.png (2500,2500,3)
00352-4.0.png (2500,2500,3)
00352-4.5.png (2500,2500,3)
00352-5.0.png (2500,2500,3)
00353-3.0.png (2500,2500,3)
00353-3.5.png (2500,2500,3)
00353-4.0.png (2500,2500,3)
00353-4.5.png (2500,2500,3)
00353-5.0.png (2500,2500,3)
00354-3.0.png (2500,2500,3)
00354-3.5.png (2500,2500,3)
00354-4.0.png (2500,2500,3)
00354-4.5.png (2500,2500,3)
00354-5.0.png (2500,2500,3)
00355-3.0.png (2500,2500,3)
00355-3.5.png (2500,2500,3)
00355-4.0.png (2500,2500,3)
00355-4.5.png (2500,2500,3)
00355-5.0.png (2500,2500,3)
00356-3.0.png (2500,2500,3)
00356-3.5.png (2500,2500,3)
00356-4.0.png (2500,2500,3)
00356-4.5.png (2500,2500,3)
00356-5.0.png (2500,2500,3)
00357-3.0.png (2500,2500,3)
00357-3.5.png (2500,2500,3)
00357-4.0.png (2500,2500,3)
00357-4.5.png (2500,2500,3)
00357-5.0.png (2500,2500,3)
00358-3.0.png (2500,2500,3)
00358-3.5.png (2500,2500,3)
00358-4.0.png (2500,2500,3)
00358-4.5.png (2500,2500,3)
00358-5.0.png (2500,2500,3)
00359-3.0.png (2500,2500,3)
00359-3.5.png (2500,2500,3)
00359-4.0.png (2500,2500,3)
00359-4.5.png (2500,2500,3)
00359-5.0.png (2500,2500,3)
00360-3.0.png (2500,2500,3)
00360-3.5.png (2500,2500,3)
00360-4.0.png (2500,2500,3)
00360-4.5.png (2500,2500,3)
00360-5.0.png (2500,2500,3)
00361-3.0.png (2500,2500,3)
00361-3.5.png (2500,2500,3)
00361-4.0.png (2500,2500,3)
00361-4.5.png (2500,2500,3)
00361-5.0.png (2500,2500,3)
00362-3.0.png (2500,2500,3)
00362-3.5.png (2500,2500,3)
00362-4.0.png (2500,2500,3)
00362-4.5.png (2500,2500,3)
00362-5.0.png (2500,2500,3)
00363-3.0.png (2500,2500,3)
00363-3.5.png (2500,2500,3)
00363-4.0.png (2500,2500,3)
00363-4.5.png (2500,2500,3)
00363-5.0.png (2500,2500,3)
00364-3.0.png (2500,2500,3)
00364-3.5.png (2500,2500,3)
00364-4.0.png (2500,2500,3)
00364-4.5.png (2500,2500,3)
00364-5.0.png (2500,2500,3)
00365-3.0.png (2500,2500,3)
00365-3.5.png (2500,2500,3)
00365-4.0.png (2500,2500,3)
00365-4.5.png (2500,2500,3)
00365-5.0.png (2500,2500,3)
00366-3.0.png (2500,2500,3)
00366-3.5.png (2500,2500,3)
00366-4.0.png (2500,2500,3)
00366-4.5.png (2500,2500,3)
00366-5.0.png (2500,2500,3)
00367-3.0.png (2500,2500,3)
00367-3.5.png (2500,2500,3)
00367-4.0.png (2500,2500,3)
00367-4.5.png (2500,2500,3)
00367-5.0.png (2500,2500,3)
00369-3.0.png (2500,2500,3)
00369-3.5.png (2500,2500,3)
00369-4.0.png (2500,2500,3)
00369-4.5.png (2500,2500,3)
00369-5.0.png (2500,2500,3)
00370-3.0.png (2500,2500,3)
00370-3.5.png (2500,2500,3)
00370-4.0.png (2500,2500,3)
00370-4.5.png (2500,2500,3)
00370-5.0.png (2500,2500,3)
00372-3.0.png (2500,2500,3)
00372-3.5.png (2500,2500,3)
00372-4.0.png (2500,2500,3)
00372-4.5.png (2500,2500,3)
00372-5.0.png (2500,2500,3)
00373-3.0.png (2500,2500,3)
00373-3.5.png (2500,2500,3)
00373-4.0.png (2500,2500,3)
00373-4.5.png (2500,2500,3)
00373-5.0.png (2500,2500,3)
00374-3.0.png (2500,2500,3)
00374-3.5.png (2500,2500,3)
00374-4.0.png (2500,2500,3)
00374-4.5.png (2500,2500,3)
00374-5.0.png (2500,2500,3)
00375-3.0.png (2500,2500,3)
00375-3.5.png (2500,2500,3)
00375-4.0.png (2500,2500,3)
00375-4.5.png (2500,2500,3)
00375-5.0.png (2500,2500,3)
00376-3.0.png (2500,2500,3)
00376-3.5.png (2500,2500,3)
00376-4.0.png (2500,2500,3)
00376-4.5.png (2500,2500,3)
00376-5.0.png (2500,2500,3)
00377-3.0.png (2500,2500,3)
00377-3.5.png (2500,2500,3)
00377-4.0.png (2500,2500,3)
00377-4.5.png (2500,2500,3)
00377-5.0.png (2500,2500,3)
00378-3.0.png (2500,2500,3)
00378-3.5.png (2500,2500,3)
00378-4.0.png (2500,2500,3)
00378-4.5.png (2500,2500,3)
00378-5.0.png (2500,2500,3)
00379-3.0.png (2500,2500,3)
00379-3.5.png (2500,2500,3)
00379-4.0.png (2500,2500,3)
00379-4.5.png (2500,2500,3)
00379-5.0.png (2500,2500,3)
00380-3.0.png (2500,2500,3)
00380-3.5.png (2500,2500,3)
00380-4.0.png (2500,2500,3)
00380-4.5.png (2500,2500,3)
00380-5.0.png (2500,2500,3)
00381-3.0.png (2500,2500,3)
00381-3.5.png (2500,2500,3)
00381-4.0.png (2500,2500,3)
00381-4.5.png (2500,2500,3)
00381-5.0.png (2500,2500,3)
00383-3.0.png (2500,2500,3)
00383-3.5.png (2500,2500,3)
00383-4.0.png (2500,2500,3)
00383-4.5.png (2500,2500,3)
00383-5.0.png (2500,2500,3)
00385-3.0.png (2500,2500,3)
00385-3.5.png (2500,2500,3)
00385-4.0.png (2500,2500,3)
00385-4.5.png (2500,2500,3)
00385-5.0.png (2500,2500,3)
00386-3.0.png (2500,2500,3)
00386-3.5.png (2500,2500,3)
00386-4.0.png (2500,2500,3)
00386-4.5.png (2500,2500,3)
00386-5.0.png (2500,2500,3)
00388-3.0.png (2500,2500,3)
00388-3.5.png (2500,2500,3)
00388-4.0.png (2500,2500,3)
00388-4.5.png (2500,2500,3)
00388-5.0.png (2500,2500,3)
00389-3.0.png (2500,2500,3)
00389-3.5.png (2500,2500,3)
00389-4.0.png (2500,2500,3)
00389-4.5.png (2500,2500,3)
00389-5.0.png (2500,2500,3)
00390-3.0.png (2500,2500,3)
00390-3.5.png (2500,2500,3)
00390-4.0.png (2500,2500,3)
00390-4.5.png (2500,2500,3)
00390-5.0.png (2500,2500,3)
00391-3.0.png (2500,2500,3)
00391-3.5.png (2500,2500,3)
00391-4.0.png (2500,2500,3)
00391-4.5.png (2500,2500,3)
00391-5.0.png (2500,2500,3)
00392-3.0.png (2500,2500,3)
00392-3.5.png (2500,2500,3)
00392-4.0.png (2500,2500,3)
00392-4.5.png (2500,2500,3)
00392-5.0.png (2500,2500,3)
00393-3.0.png (2500,2500,3)
00393-3.5.png (2500,2500,3)
00393-4.0.png (2500,2500,3)
00393-4.5.png (2500,2500,3)
00393-5.0.png (2500,2500,3)
00394-3.0.png (2500,2500,3)
00394-3.5.png (2500,2500,3)
00394-4.0.png (2500,2500,3)
00394-4.5.png (2500,2500,3)
00394-5.0.png (2500,2500,3)
00395-3.0.png (2500,2500,3)
00395-3.5.png (2500,2500,3)
00395-4.0.png (2500,2500,3)
00395-4.5.png (2500,2500,3)
00395-5.0.png (2500,2500,3)
00396-3.0.png (2500,2500,3)
00396-3.5.png (2500,2500,3)
00396-4.0.png (2500,2500,3)
00396-4.5.png (2500,2500,3)
00396-5.0.png (2500,2500,3)
00397-3.0.png (2500,2500,3)
00397-3.5.png (2500,2500,3)
00397-4.0.png (2500,2500,3)
00397-4.5.png (2500,2500,3)
00397-5.0.png (2500,2500,3)
00398-3.0.png (2500,2500,3)
00398-3.5.png (2500,2500,3)
00398-4.0.png (2500,2500,3)
00398-4.5.png (2500,2500,3)
00398-5.0.png (2500,2500,3)
00399-3.0.png (2500,2500,3)
00399-3.5.png (2500,2500,3)
00399-4.0.png (2500,2500,3)
00399-4.5.png (2500,2500,3)
00399-5.0.png (2500,2500,3)
00400-3.0.png (2500,2500,3)
00400-3.5.png (2500,2500,3)
00400-4.0.png (2500,2500,3)
00400-4.5.png (2500,2500,3)
00400-5.0.png (2500,2500,3)
00401-3.0.png (2500,2500,3)
00401-3.5.png (2500,2500,3)
00401-4.0.png (2500,2500,3)
00401-4.5.png (2500,2500,3)
00401-5.0.png (2500,2500,3)
00402-3.0.png (2500,2500,3)
00402-3.5.png (2500,2500,3)
00402-4.0.png (2500,2500,3)
00402-4.5.png (2500,2500,3)
00402-5.0.png (2500,2500,3)
00403-3.0.png (2500,2500,3)
00403-3.5.png (2500,2500,3)
00403-4.0.png (2500,2500,3)
00403-4.5.png (2500,2500,3)
00403-5.0.png (2500,2500,3)
00405-3.0.png (2500,2500,3)
00405-3.5.png (2500,2500,3)
00405-4.0.png (2500,2500,3)
00405-4.5.png (2500,2500,3)
00405-5.0.png (2500,2500,3)
00406-3.0.png (2500,2500,3)
00406-3.5.png (2500,2500,3)
00406-4.0.png (2500,2500,3)
00406-4.5.png (2500,2500,3)
00406-5.0.png (2500,2500,3)
00407-3.0.png (2500,2500,3)
00407-3.5.png (2500,2500,3)
00407-4.0.png (2500,2500,3)
00407-4.5.png (2500,2500,3)
00407-5.0.png (2500,2500,3)
00408-3.0.png (2500,2500,3)
00408-3.5.png (2500,2500,3)
00408-4.0.png (2500,2500,3)
00408-4.5.png (2500,2500,3)
00408-5.0.png (2500,2500,3)
00409-3.0.png (2500,2500,3)
00409-3.5.png (2500,2500,3)
00409-4.0.png (2500,2500,3)
00409-4.5.png (2500,2500,3)
00409-5.0.png (2500,2500,3)
00410-3.0.png (2500,2500,3)
00410-3.5.png (2500,2500,3)
00410-4.0.png (2500,2500,3)
00410-4.5.png (2500,2500,3)
00410-5.0.png (2500,2500,3)
00411-3.0.png (2500,2500,3)
00411-3.5.png (2500,2500,3)
00411-4.0.png (2500,2500,3)
00411-4.5.png (2500,2500,3)
00411-5.0.png (2500,2500,3)
00412-3.0.png (2500,2500,3)
00412-3.5.png (2500,2500,3)
00412-4.0.png (2500,2500,3)
00412-4.5.png (2500,2500,3)
00412-5.0.png (2500,2500,3)
00415-3.0.png (2500,2500,3)
00415-3.5.png (2500,2500,3)
00415-4.0.png (2500,2500,3)
00415-4.5.png (2500,2500,3)
00415-5.0.png (2500,2500,3)
00416-3.0.png (2500,2500,3)
00416-3.5.png (2500,2500,3)
00416-4.0.png (2500,2500,3)
00416-4.5.png (2500,2500,3)
00416-5.0.png (2500,2500,3)
00417-3.0.png (2500,2500,3)
00417-3.5.png (2500,2500,3)
00417-4.0.png (2500,2500,3)
00417-4.5.png (2500,2500,3)
00417-5.0.png (2500,2500,3)
00418-3.0.png (2500,2500,3)
00418-3.5.png (2500,2500,3)
00418-4.0.png (2500,2500,3)
00418-4.5.png (2500,2500,3)
00418-5.0.png (2500,2500,3)
00419-3.0.png (2500,2500,3)
00419-3.5.png (2500,2500,3)
00419-4.0.png (2500,2500,3)
00419-4.5.png (2500,2500,3)
00419-5.0.png (2500,2500,3)
00421-3.0.png (2500,2500,3)
00421-3.5.png (2500,2500,3)
00421-4.0.png (2500,2500,3)
00421-4.5.png (2500,2500,3)
00421-5.0.png (2500,2500,3)
00422-3.0.png (2500,2500,3)
00422-3.5.png (2500,2500,3)
00422-4.0.png (2500,2500,3)
00422-4.5.png (2500,2500,3)
00422-5.0.png (2500,2500,3)
00423-3.0.png (2500,2500,3)
00423-3.5.png (2500,2500,3)
00423-4.0.png (2500,2500,3)
00423-4.5.png (2500,2500,3)
00423-5.0.png (2500,2500,3)
00424-3.0.png (2500,2500,3)
00424-3.5.png (2500,2500,3)
00424-4.0.png (2500,2500,3)
00424-4.5.png (2500,2500,3)
00424-5.0.png (2500,2500,3)
00425-3.0.png (2500,2500,3)
00425-3.5.png (2500,2500,3)
00425-4.0.png (2500,2500,3)
00425-4.5.png (2500,2500,3)
00425-5.0.png (2500,2500,3)
00426-3.0.png (2500,2500,3)
00426-3.5.png (2500,2500,3)
00426-4.0.png (2500,2500,3)
00426-4.5.png (2500,2500,3)
00426-5.0.png (2500,2500,3)
00427-3.0.png (2500,2500,3)
00427-3.5.png (2500,2500,3)
00427-4.0.png (2500,2500,3)
00427-4.5.png (2500,2500,3)
00427-5.0.png (2500,2500,3)
00428-3.0.png (2500,2500,3)
00428-3.5.png (2500,2500,3)
00428-4.0.png (2500,2500,3)
00428-4.5.png (2500,2500,3)
00428-5.0.png (2500,2500,3)
00429-3.0.png (2500,2500,3)
00429-3.5.png (2500,2500,3)
00429-4.0.png (2500,2500,3)
00429-4.5.png (2500,2500,3)
00429-5.0.png (2500,2500,3)
00432-3.0.png (2500,2500,3)
00432-3.5.png (2500,2500,3)
00432-4.0.png (2500,2500,3)
00432-4.5.png (2500,2500,3)
00432-5.0.png (2500,2500,3)
00433-3.0.png (2500,2500,3)
00433-3.5.png (2500,2500,3)
00433-4.0.png (2500,2500,3)
00433-4.5.png (2500,2500,3)
00433-5.0.png (2500,2500,3)
00434-3.0.png (2500,2500,3)
00434-3.5.png (2500,2500,3)
00434-4.0.png (2500,2500,3)
00434-4.5.png (2500,2500,3)
00434-5.0.png (2500,2500,3)
00435-3.0.png (2500,2500,3)
00435-3.5.png (2500,2500,3)
00435-4.0.png (2500,2500,3)
00435-4.5.png (2500,2500,3)
00435-5.0.png (2500,2500,3)
00436-3.0.png (2500,2500,3)
00436-3.5.png (2500,2500,3)
00436-4.0.png (2500,2500,3)
00436-4.5.png (2500,2500,3)
00436-5.0.png (2500,2500,3)
00437-3.0.png (2500,2500,3)
00437-3.5.png (2500,2500,3)
00437-4.0.png (2500,2500,3)
00437-4.5.png (2500,2500,3)
00437-5.0.png (2500,2500,3)
00438-3.0.png (2500,2500,3)
00438-3.5.png (2500,2500,3)
00438-4.0.png (2500,2500,3)
00438-4.5.png (2500,2500,3)
00438-5.0.png (2500,2500,3)
00439-3.0.png (2500,2500,3)
00439-3.5.png (2500,2500,3)
00439-4.0.png (2500,2500,3)
00439-4.5.png (2500,2500,3)
00439-5.0.png (2500,2500,3)
00440-3.0.png (2500,2500,3)
00440-3.5.png (2500,2500,3)
00440-4.0.png (2500,2500,3)
00440-4.5.png (2500,2500,3)
00440-5.0.png (2500,2500,3)
00441-3.0.png (2500,2500,3)
00441-3.5.png (2500,2500,3)
00441-4.0.png (2500,2500,3)
00441-4.5.png (2500,2500,3)
00441-5.0.png (2500,2500,3)
00442-3.0.png (2500,2500,3)
00442-3.5.png (2500,2500,3)
00442-4.0.png (2500,2500,3)
00442-4.5.png (2500,2500,3)
00442-5.0.png (2500,2500,3)
00444-3.0.png (2500,2500,3)
00444-3.5.png (2500,2500,3)
00444-4.0.png (2500,2500,3)
00444-4.5.png (2500,2500,3)
00444-5.0.png (2500,2500,3)
00445-3.0.png (2500,2500,3)
00445-3.5.png (2500,2500,3)
00445-4.0.png (2500,2500,3)
00445-4.5.png (2500,2500,3)
00445-5.0.png (2500,2500,3)
00447-3.0.png (2500,2500,3)
00447-3.5.png (2500,2500,3)
00447-4.0.png (2500,2500,3)
00447-4.5.png (2500,2500,3)
00447-5.0.png (2500,2500,3)
00448-3.0.png (2500,2500,3)
00448-3.5.png (2500,2500,3)
00448-4.0.png (2500,2500,3)
00448-4.5.png (2500,2500,3)
00448-5.0.png (2500,2500,3)
00449-3.0.png (2500,2500,3)
00449-3.5.png (2500,2500,3)
00449-4.0.png (2500,2500,3)
00449-4.5.png (2500,2500,3)
00449-5.0.png (2500,2500,3)
00450-3.0.png (2500,2500,3)
00450-3.5.png (2500,2500,3)
00450-4.0.png (2500,2500,3)
00450-4.5.png (2500,2500,3)
00450-5.0.png (2500,2500,3)
00452-3.0.png (2500,2500,3)
00452-3.5.png (2500,2500,3)
00452-4.0.png (2500,2500,3)
00452-4.5.png (2500,2500,3)
00452-5.0.png (2500,2500,3)
00453-3.0.png (2500,2500,3)
00453-3.5.png (2500,2500,3)
00453-4.0.png (2500,2500,3)
00453-4.5.png (2500,2500,3)
00453-5.0.png (2500,2500,3)
00455-3.0.png (2500,2500,3)
00455-3.5.png (2500,2500,3)
00455-4.0.png (2500,2500,3)
00455-4.5.png (2500,2500,3)
00455-5.0.png (2500,2500,3)
00456-3.0.png (2500,2500,3)
00456-3.5.png (2500,2500,3)
00456-4.0.png (2500,2500,3)
00456-4.5.png (2500,2500,3)
00456-5.0.png (2500,2500,3)
00457-3.0.png (2500,2500,3)
00457-3.5.png (2500,2500,3)
00457-4.0.png (2500,2500,3)
00457-4.5.png (2500,2500,3)
00457-5.0.png (2500,2500,3)
00458-3.0.png (2500,2500,3)
00458-3.5.png (2500,2500,3)
00458-4.0.png (2500,2500,3)
00458-4.5.png (2500,2500,3)
00458-5.0.png (2500,2500,3)
00460-3.0.png (2500,2500,3)
00460-3.5.png (2500,2500,3)
00460-4.0.png (2500,2500,3)
00460-4.5.png (2500,2500,3)
00460-5.0.png (2500,2500,3)
00461-3.0.png (2500,2500,3)
00461-3.5.png (2500,2500,3)
00461-4.0.png (2500,2500,3)
00461-4.5.png (2500,2500,3)
00461-5.0.png (2500,2500,3)
00462-3.0.png (2500,2500,3)
00462-3.5.png (2500,2500,3)
00462-4.0.png (2500,2500,3)
00462-4.5.png (2500,2500,3)
00462-5.0.png (2500,2500,3)
00463-3.0.png (2500,2500,3)
00463-3.5.png (2500,2500,3)
00463-4.0.png (2500,2500,3)
00463-4.5.png (2500,2500,3)
00463-5.0.png (2500,2500,3)
00464-3.0.png (2500,2500,3)
00464-3.5.png (2500,2500,3)
00464-4.0.png (2500,2500,3)
00464-4.5.png (2500,2500,3)
00464-5.0.png (2500,2500,3)
00465-3.0.png (2500,2500,3)
00465-3.5.png (2500,2500,3)
00465-4.0.png (2500,2500,3)
00465-4.5.png (2500,2500,3)
00465-5.0.png (2500,2500,3)
00467-3.0.png (2500,2500,3)
00467-3.5.png (2500,2500,3)
00467-4.0.png (2500,2500,3)
00467-4.5.png (2500,2500,3)
00467-5.0.png (2500,2500,3)
00468-3.0.png (2500,2500,3)
00468-3.5.png (2500,2500,3)
00468-4.0.png (2500,2500,3)
00468-4.5.png (2500,2500,3)
00468-5.0.png (2500,2500,3)
00469-3.0.png (2500,2500,3)
00469-3.5.png (2500,2500,3)
00469-4.0.png (2500,2500,3)
00469-4.5.png (2500,2500,3)
00469-5.0.png (2500,2500,3)
00470-3.0.png (2500,2500,3)
00470-3.5.png (2500,2500,3)
00470-4.0.png (2500,2500,3)
00470-4.5.png (2500,2500,3)
00470-5.0.png (2500,2500,3)
00471-3.0.png (2500,2500,3)
00471-3.5.png (2500,2500,3)
00471-4.0.png (2500,2500,3)
00471-4.5.png (2500,2500,3)
00471-5.0.png (2500,2500,3)
00472-3.0.png (2500,2500,3)
00472-3.5.png (2500,2500,3)
00472-4.0.png (2500,2500,3)
00472-4.5.png (2500,2500,3)
00472-5.0.png (2500,2500,3)
00473-3.0.png (2500,2500,3)
00473-3.5.png (2500,2500,3)
00473-4.0.png (2500,2500,3)
00473-4.5.png (2500,2500,3)
00473-5.0.png (2500,2500,3)
00474-3.0.png (2500,2500,3)
00474-3.5.png (2500,2500,3)
00474-4.0.png (2500,2500,3)
00474-4.5.png (2500,2500,3)
00474-5.0.png (2500,2500,3)
00475-3.0.png (2500,2500,3)
00475-3.5.png (2500,2500,3)
00475-4.0.png (2500,2500,3)
00475-4.5.png (2500,2500,3)
00475-5.0.png (2500,2500,3)
00476-3.0.png (2500,2500,3)
00476-3.5.png (2500,2500,3)
00476-4.0.png (2500,2500,3)
00476-4.5.png (2500,2500,3)
00476-5.0.png (2500,2500,3)
00478-3.0.png (2500,2500,3)
00478-3.5.png (2500,2500,3)
00478-4.0.png (2500,2500,3)
00478-4.5.png (2500,2500,3)
00478-5.0.png (2500,2500,3)
00479-3.0.png (2500,2500,3)
00479-3.5.png (2500,2500,3)
00479-4.0.png (2500,2500,3)
00479-4.5.png (2500,2500,3)
00479-5.0.png (2500,2500,3)
00481-3.0.png (2500,2500,3)
00481-3.5.png (2500,2500,3)
00481-4.0.png (2500,2500,3)
00481-4.5.png (2500,2500,3)
00481-5.0.png (2500,2500,3)
00482-3.0.png (2500,2500,3)
00482-3.5.png (2500,2500,3)
00482-4.0.png (2500,2500,3)
00482-4.5.png (2500,2500,3)
00482-5.0.png (2500,2500,3)
00483-3.0.png (2500,2500,3)
00483-3.5.png (2500,2500,3)
00483-4.0.png (2500,2500,3)
00483-4.5.png (2500,2500,3)
00483-5.0.png (2500,2500,3)
00484-3.0.png (2500,2500,3)
00484-3.5.png (2500,2500,3)
00484-4.0.png (2500,2500,3)
00484-4.5.png (2500,2500,3)
00484-5.0.png (2500,2500,3)
00485-3.0.png (2500,2500,3)
00485-3.5.png (2500,2500,3)
00485-4.0.png (2500,2500,3)
00485-4.5.png (2500,2500,3)
00485-5.0.png (2500,2500,3)
00486-3.0.png (2500,2500,3)
00486-3.5.png (2500,2500,3)
00486-4.0.png (2500,2500,3)
00486-4.5.png (2500,2500,3)
00486-5.0.png (2500,2500,3)
00488-3.0.png (2500,2500,3)
00488-3.5.png (2500,2500,3)
00488-4.0.png (2500,2500,3)
00488-4.5.png (2500,2500,3)
00488-5.0.png (2500,2500,3)
00489-3.0.png (2500,2500,3)
00489-3.5.png (2500,2500,3)
00489-4.0.png (2500,2500,3)
00489-4.5.png (2500,2500,3)
00489-5.0.png (2500,2500,3)
00491-3.0.png (2500,2500,3)
00491-3.5.png (2500,2500,3)
00491-4.0.png (2500,2500,3)
00491-4.5.png (2500,2500,3)
00491-5.0.png (2500,2500,3)
00492-3.0.png (2500,2500,3)
00492-3.5.png (2500,2500,3)
00492-4.0.png (2500,2500,3)
00492-4.5.png (2500,2500,3)
00492-5.0.png (2500,2500,3)
00493-3.0.png (2500,2500,3)
00493-3.5.png (2500,2500,3)
00493-4.0.png (2500,2500,3)
00493-4.5.png (2500,2500,3)
00493-5.0.png (2500,2500,3)
00494-3.0.png (2500,2500,3)
00494-3.5.png (2500,2500,3)
00494-4.0.png (2500,2500,3)
00494-4.5.png (2500,2500,3)
00494-5.0.png (2500,2500,3)
00495-3.0.png (2500,2500,3)
00495-3.5.png (2500,2500,3)
00495-4.0.png (2500,2500,3)
00495-4.5.png (2500,2500,3)
00495-5.0.png (2500,2500,3)
00496-3.0.png (2500,2500,3)
00496-3.5.png (2500,2500,3)
00496-4.0.png (2500,2500,3)
00496-4.5.png (2500,2500,3)
00496-5.0.png (2500,2500,3)
00497-3.0.png (2500,2500,3)
00497-3.5.png (2500,2500,3)
00497-4.0.png (2500,2500,3)
00497-4.5.png (2500,2500,3)
00497-5.0.png (2500,2500,3)
00499-3.0.png (2500,2500,3)
00499-3.5.png (2500,2500,3)
00499-4.0.png (2500,2500,3)
00499-4.5.png (2500,2500,3)
00499-5.0.png (2500,2500,3)
00500-3.0.png (2500,2500,3)
00500-3.5.png (2500,2500,3)
00500-4.0.png (2500,2500,3)
00500-4.5.png (2500,2500,3)
00500-5.0.png (2500,2500,3)
00501-3.0.png (2500,2500,3)
00501-3.5.png (2500,2500,3)
00501-4.0.png (2500,2500,3)
00501-4.5.png (2500,2500,3)
00501-5.0.png (2500,2500,3)
00502-3.0.png (2500,2500,3)
00502-3.5.png (2500,2500,3)
00502-4.0.png (2500,2500,3)
00502-4.5.png (2500,2500,3)
00502-5.0.png (2500,2500,3)
00506-3.0.png (2500,2500,3)
00506-3.5.png (2500,2500,3)
00506-4.0.png (2500,2500,3)
00506-4.5.png (2500,2500,3)
00506-5.0.png (2500,2500,3)
00508-3.0.png (2500,2500,3)
00508-3.5.png (2500,2500,3)
00508-4.0.png (2500,2500,3)
00508-4.5.png (2500,2500,3)
00508-5.0.png (2500,2500,3)
00509-3.0.png (2500,2500,3)
00509-3.5.png (2500,2500,3)
00509-4.0.png (2500,2500,3)
00509-4.5.png (2500,2500,3)
00509-5.0.png (2500,2500,3)
00510-3.0.png (2500,2500,3)
00510-3.5.png (2500,2500,3)
00510-4.0.png (2500,2500,3)
00510-4.5.png (2500,2500,3)
00510-5.0.png (2500,2500,3)
00512-3.0.png (2500,2500,3)
00512-3.5.png (2500,2500,3)
00512-4.0.png (2500,2500,3)
00512-4.5.png (2500,2500,3)
00512-5.0.png (2500,2500,3)
00513-3.0.png (2500,2500,3)
00513-3.5.png (2500,2500,3)
00513-4.0.png (2500,2500,3)
00513-4.5.png (2500,2500,3)
00513-5.0.png (2500,2500,3)
00514-3.0.png (2500,2500,3)
00514-3.5.png (2500,2500,3)
00514-4.0.png (2500,2500,3)
00514-4.5.png (2500,2500,3)
00514-5.0.png (2500,2500,3)
00515-3.0.png (2500,2500,3)
00515-3.5.png (2500,2500,3)
00515-4.0.png (2500,2500,3)
00515-4.5.png (2500,2500,3)
00515-5.0.png (2500,2500,3)
00516-3.0.png (2500,2500,3)
00516-3.5.png (2500,2500,3)
00516-4.0.png (2500,2500,3)
00516-4.5.png (2500,2500,3)
00516-5.0.png (2500,2500,3)
00517-3.0.png (2500,2500,3)
00517-3.5.png (2500,2500,3)
00517-4.0.png (2500,2500,3)
00517-4.5.png (2500,2500,3)
00517-5.0.png (2500,2500,3)
00518-3.0.png (2500,2500,3)
00518-3.5.png (2500,2500,3)
00518-4.0.png (2500,2500,3)
00518-4.5.png (2500,2500,3)
00518-5.0.png (2500,2500,3)
00519-3.0.png (2500,2500,3)
00519-3.5.png (2500,2500,3)
00519-4.0.png (2500,2500,3)
00519-4.5.png (2500,2500,3)
00519-5.0.png (2500,2500,3)
00520-3.0.png (2500,2500,3)
00520-3.5.png (2500,2500,3)
00520-4.0.png (2500,2500,3)
00520-4.5.png (2500,2500,3)
00520-5.0.png (2500,2500,3)
00521-3.0.png (2500,2500,3)
00521-3.5.png (2500,2500,3)
00521-4.0.png (2500,2500,3)
00521-4.5.png (2500,2500,3)
00521-5.0.png (2500,2500,3)
00522-3.0.png (2500,2500,3)
00522-3.5.png (2500,2500,3)
00522-4.0.png (2500,2500,3)
00522-4.5.png (2500,2500,3)
00522-5.0.png (2500,2500,3)
00524-3.0.png (2500,2500,3)
00524-3.5.png (2500,2500,3)
00524-4.0.png (2500,2500,3)
00524-4.5.png (2500,2500,3)
00524-5.0.png (2500,2500,3)
00525-3.0.png (2500,2500,3)
00525-3.5.png (2500,2500,3)
00525-4.0.png (2500,2500,3)
00525-4.5.png (2500,2500,3)
00525-5.0.png (2500,2500,3)
00526-3.0.png (2500,2500,3)
00526-3.5.png (2500,2500,3)
00526-4.0.png (2500,2500,3)
00526-4.5.png (2500,2500,3)
00526-5.0.png (2500,2500,3)
00527-3.0.png (2500,2500,3)
00527-3.5.png (2500,2500,3)
00527-4.0.png (2500,2500,3)
00527-4.5.png (2500,2500,3)
00527-5.0.png (2500,2500,3)
00529-3.0.png (2500,2500,3)
00529-3.5.png (2500,2500,3)
00529-4.0.png (2500,2500,3)
00529-4.5.png (2500,2500,3)
00529-5.0.png (2500,2500,3)
00530-3.0.png (2500,2500,3)
00530-3.5.png (2500,2500,3)
00530-4.0.png (2500,2500,3)
00530-4.5.png (2500,2500,3)
00530-5.0.png (2500,2500,3)
00531-3.0.png (2500,2500,3)
00531-3.5.png (2500,2500,3)
00531-4.0.png (2500,2500,3)
00531-4.5.png (2500,2500,3)
00531-5.0.png (2500,2500,3)
00532-3.0.png (2500,2500,3)
00532-3.5.png (2500,2500,3)
00532-4.0.png (2500,2500,3)
00532-4.5.png (2500,2500,3)
00532-5.0.png (2500,2500,3)
00533-3.0.png (2500,2500,3)
00533-3.5.png (2500,2500,3)
00533-4.0.png (2500,2500,3)
00533-4.5.png (2500,2500,3)
00533-5.0.png (2500,2500,3)
00535-3.0.png (2500,2500,3)
00535-3.5.png (2500,2500,3)
00535-4.0.png (2500,2500,3)
00535-4.5.png (2500,2500,3)
00535-5.0.png (2500,2500,3)
00536-3.0.png (2500,2500,3)
00536-3.5.png (2500,2500,3)
00536-4.0.png (2500,2500,3)
00536-4.5.png (2500,2500,3)
00536-5.0.png (2500,2500,3)
00538-3.0.png (2500,2500,3)
00538-3.5.png (2500,2500,3)
00538-4.0.png (2500,2500,3)
00538-4.5.png (2500,2500,3)
00538-5.0.png (2500,2500,3)
00539-3.0.png (2500,2500,3)
00539-3.5.png (2500,2500,3)
00539-4.0.png (2500,2500,3)
00539-4.5.png (2500,2500,3)
00539-5.0.png (2500,2500,3)
00542-3.0.png (2500,2500,3)
00542-3.5.png (2500,2500,3)
00542-4.0.png (2500,2500,3)
00542-4.5.png (2500,2500,3)
00542-5.0.png (2500,2500,3)
00543-3.0.png (2500,2500,3)
00543-3.5.png (2500,2500,3)
00543-4.0.png (2500,2500,3)
00543-4.5.png (2500,2500,3)
00543-5.0.png (2500,2500,3)
00544-3.0.png (2500,2500,3)
00544-3.5.png (2500,2500,3)
00544-4.0.png (2500,2500,3)
00544-4.5.png (2500,2500,3)
00544-5.0.png (2500,2500,3)
00546-3.0.png (2500,2500,3)
00546-3.5.png (2500,2500,3)
00546-4.0.png (2500,2500,3)
00546-4.5.png (2500,2500,3)
00546-5.0.png (2500,2500,3)
00547-3.0.png (2500,2500,3)
00547-3.5.png (2500,2500,3)
00547-4.0.png (2500,2500,3)
00547-4.5.png (2500,2500,3)
00547-5.0.png (2500,2500,3)
00548-3.0.png (2500,2500,3)
00548-3.5.png (2500,2500,3)
00548-4.0.png (2500,2500,3)
00548-4.5.png (2500,2500,3)
00548-5.0.png (2500,2500,3)
00550-3.0.png (2500,2500,3)
00550-3.5.png (2500,2500,3)
00550-4.0.png (2500,2500,3)
00550-4.5.png (2500,2500,3)
00550-5.0.png (2500,2500,3)
00552-3.0.png (2500,2500,3)
00552-3.5.png (2500,2500,3)
00552-4.0.png (2500,2500,3)
00552-4.5.png (2500,2500,3)
00552-5.0.png (2500,2500,3)
00554-3.0.png (2500,2500,3)
00554-3.5.png (2500,2500,3)
00554-4.0.png (2500,2500,3)
00554-4.5.png (2500,2500,3)
00554-5.0.png (2500,2500,3)
00555-3.0.png (2500,2500,3)
00555-3.5.png (2500,2500,3)
00555-4.0.png (2500,2500,3)
00555-4.5.png (2500,2500,3)
00555-5.0.png (2500,2500,3)
00556-3.0.png (2500,2500,3)
00556-3.5.png (2500,2500,3)
00556-4.0.png (2500,2500,3)
00556-4.5.png (2500,2500,3)
00556-5.0.png (2500,2500,3)
00557-3.0.png (2500,2500,3)
00557-3.5.png (2500,2500,3)
00557-4.0.png (2500,2500,3)
00557-4.5.png (2500,2500,3)
00557-5.0.png (2500,2500,3)
00558-3.0.png (2500,2500,3)
00558-3.5.png (2500,2500,3)
00558-4.0.png (2500,2500,3)
00558-4.5.png (2500,2500,3)
00558-5.0.png (2500,2500,3)
00561-3.0.png (2500,2500,3)
00561-3.5.png (2500,2500,3)
00561-4.0.png (2500,2500,3)
00561-4.5.png (2500,2500,3)
00561-5.0.png (2500,2500,3)
00562-3.0.png (2500,2500,3)
00562-3.5.png (2500,2500,3)
00562-4.0.png (2500,2500,3)
00562-4.5.png (2500,2500,3)
00562-5.0.png (2500,2500,3)
00563-3.0.png (2500,2500,3)
00563-3.5.png (2500,2500,3)
00563-4.0.png (2500,2500,3)
00563-4.5.png (2500,2500,3)
00563-5.0.png (2500,2500,3)
00564-3.0.png (2500,2500,3)
00564-3.5.png (2500,2500,3)
00564-4.0.png (2500,2500,3)
00564-4.5.png (2500,2500,3)
00564-5.0.png (2500,2500,3)
00566-3.0.png (2500,2500,3)
00566-3.5.png (2500,2500,3)
00566-4.0.png (2500,2500,3)
00566-4.5.png (2500,2500,3)
00566-5.0.png (2500,2500,3)
00567-3.0.png (2500,2500,3)
00567-3.5.png (2500,2500,3)
00567-4.0.png (2500,2500,3)
00567-4.5.png (2500,2500,3)
00567-5.0.png (2500,2500,3)
00568-3.0.png (2500,2500,3)
00568-3.5.png (2500,2500,3)
00568-4.0.png (2500,2500,3)
00568-4.5.png (2500,2500,3)
00568-5.0.png (2500,2500,3)
00569-3.0.png (2500,2500,3)
00569-3.5.png (2500,2500,3)
00569-4.0.png (2500,2500,3)
00569-4.5.png (2500,2500,3)
00569-5.0.png (2500,2500,3)
00570-3.0.png (2500,2500,3)
00570-3.5.png (2500,2500,3)
00570-4.0.png (2500,2500,3)
00570-4.5.png (2500,2500,3)
00570-5.0.png (2500,2500,3)
00571-3.0.png (2500,2500,3)
00571-3.5.png (2500,2500,3)
00571-4.0.png (2500,2500,3)
00571-4.5.png (2500,2500,3)
00571-5.0.png (2500,2500,3)
00572-3.0.png (2500,2500,3)
00572-3.5.png (2500,2500,3)
00572-4.0.png (2500,2500,3)
00572-4.5.png (2500,2500,3)
00572-5.0.png (2500,2500,3)
00573-3.0.png (2500,2500,3)
00573-3.5.png (2500,2500,3)
00573-4.0.png (2500,2500,3)
00573-4.5.png (2500,2500,3)
00573-5.0.png (2500,2500,3)
00575-3.0.png (2500,2500,3)
00575-3.5.png (2500,2500,3)
00575-4.0.png (2500,2500,3)
00575-4.5.png (2500,2500,3)
00575-5.0.png (2500,2500,3)
00576-3.0.png (2500,2500,3)
00576-3.5.png (2500,2500,3)
00576-4.0.png (2500,2500,3)
00576-4.5.png (2500,2500,3)
00576-5.0.png (2500,2500,3)
00577-3.0.png (2500,2500,3)
00577-3.5.png (2500,2500,3)
00577-4.0.png (2500,2500,3)
00577-4.5.png (2500,2500,3)
00577-5.0.png (2500,2500,3)
00578-3.0.png (2500,2500,3)
00578-3.5.png (2500,2500,3)
00578-4.0.png (2500,2500,3)
00578-4.5.png (2500,2500,3)
00578-5.0.png (2500,2500,3)
00579-3.0.png (2500,2500,3)
00579-3.5.png (2500,2500,3)
00579-4.0.png (2500,2500,3)
00579-4.5.png (2500,2500,3)
00579-5.0.png (2500,2500,3)
00580-3.0.png (2500,2500,3)
00580-3.5.png (2500,2500,3)
00580-4.0.png (2500,2500,3)
00580-4.5.png (2500,2500,3)
00580-5.0.png (2500,2500,3)
00581-3.0.png (2500,2500,3)
00581-3.5.png (2500,2500,3)
00581-4.0.png (2500,2500,3)
00581-4.5.png (2500,2500,3)
00581-5.0.png (2500,2500,3)
00583-3.0.png (2500,2500,3)
00583-3.5.png (2500,2500,3)
00583-4.0.png (2500,2500,3)
00583-4.5.png (2500,2500,3)
00583-5.0.png (2500,2500,3)
00584-3.0.png (2500,2500,3)
00584-3.5.png (2500,2500,3)
00584-4.0.png (2500,2500,3)
00584-4.5.png (2500,2500,3)
00584-5.0.png (2500,2500,3)
00586-3.0.png (2500,2500,3)
00586-3.5.png (2500,2500,3)
00586-4.0.png (2500,2500,3)
00586-4.5.png (2500,2500,3)
00586-5.0.png (2500,2500,3)
00587-3.0.png (2500,2500,3)
00587-3.5.png (2500,2500,3)
00587-4.0.png (2500,2500,3)
00587-4.5.png (2500,2500,3)
00587-5.0.png (2500,2500,3)
00589-3.0.png (2500,2500,3)
00589-3.5.png (2500,2500,3)
00589-4.0.png (2500,2500,3)
00589-4.5.png (2500,2500,3)
00589-5.0.png (2500,2500,3)
00590-3.0.png (2500,2500,3)
00590-3.5.png (2500,2500,3)
00590-4.0.png (2500,2500,3)
00590-4.5.png (2500,2500,3)
00590-5.0.png (2500,2500,3)
00591-3.0.png (2500,2500,3)
00591-3.5.png (2500,2500,3)
00591-4.0.png (2500,2500,3)
00591-4.5.png (2500,2500,3)
00591-5.0.png (2500,2500,3)
00592-3.0.png (2500,2500,3)
00592-3.5.png (2500,2500,3)
00592-4.0.png (2500,2500,3)
00592-4.5.png (2500,2500,3)
00592-5.0.png (2500,2500,3)
00593-3.0.png (2500,2500,3)
00593-3.5.png (2500,2500,3)
00593-4.0.png (2500,2500,3)
00593-4.5.png (2500,2500,3)
00593-5.0.png (2500,2500,3)
00595-3.0.png (2500,2500,3)
00595-3.5.png (2500,2500,3)
00595-4.0.png (2500,2500,3)
00595-4.5.png (2500,2500,3)
00595-5.0.png (2500,2500,3)
00596-3.0.png (2500,2500,3)
00596-3.5.png (2500,2500,3)
00596-4.0.png (2500,2500,3)
00596-4.5.png (2500,2500,3)
00596-5.0.png (2500,2500,3)
00599-3.0.png (2500,2500,3)
00599-3.5.png (2500,2500,3)
00599-4.0.png (2500,2500,3)
00599-4.5.png (2500,2500,3)
00599-5.0.png (2500,2500,3)
00601-3.0.png (2500,2500,3)
00601-3.5.png (2500,2500,3)
00601-4.0.png (2500,2500,3)
00601-4.5.png (2500,2500,3)
00601-5.0.png (2500,2500,3)
00602-3.0.png (2500,2500,3)
00602-3.5.png (2500,2500,3)
00602-4.0.png (2500,2500,3)
00602-4.5.png (2500,2500,3)
00602-5.0.png (2500,2500,3)
00603-3.0.png (2500,2500,3)
00603-3.5.png (2500,2500,3)
00603-4.0.png (2500,2500,3)
00603-4.5.png (2500,2500,3)
00603-5.0.png (2500,2500,3)
00605-3.0.png (2500,2500,3)
00605-3.5.png (2500,2500,3)
00605-4.0.png (2500,2500,3)
00605-4.5.png (2500,2500,3)
00605-5.0.png (2500,2500,3)
00606-3.0.png (2500,2500,3)
00606-3.5.png (2500,2500,3)
00606-4.0.png (2500,2500,3)
00606-4.5.png (2500,2500,3)
00606-5.0.png (2500,2500,3)
00607-3.0.png (2500,2500,3)
00607-3.5.png (2500,2500,3)
00607-4.0.png (2500,2500,3)
00607-4.5.png (2500,2500,3)
00607-5.0.png (2500,2500,3)
00608-3.0.png (2500,2500,3)
00608-3.5.png (2500,2500,3)
00608-4.0.png (2500,2500,3)
00608-4.5.png (2500,2500,3)
00608-5.0.png (2500,2500,3)
00609-3.0.png (2500,2500,3)
00609-3.5.png (2500,2500,3)
00609-4.0.png (2500,2500,3)
00609-4.5.png (2500,2500,3)
00609-5.0.png (2500,2500,3)
00610-3.0.png (2500,2500,3)
00610-3.5.png (2500,2500,3)
00610-4.0.png (2500,2500,3)
00610-4.5.png (2500,2500,3)
00610-5.0.png (2500,2500,3)
00611-3.0.png (2500,2500,3)
00611-3.5.png (2500,2500,3)
00611-4.0.png (2500,2500,3)
00611-4.5.png (2500,2500,3)
00611-5.0.png (2500,2500,3)
00612-3.0.png (2500,2500,3)
00612-3.5.png (2500,2500,3)
00612-4.0.png (2500,2500,3)
00612-4.5.png (2500,2500,3)
00612-5.0.png (2500,2500,3)
00613-3.0.png (2500,2500,3)
00613-3.5.png (2500,2500,3)
00613-4.0.png (2500,2500,3)
00613-4.5.png (2500,2500,3)
00613-5.0.png (2500,2500,3)
00614-3.0.png (2500,2500,3)
00614-3.5.png (2500,2500,3)
00614-4.0.png (2500,2500,3)
00614-4.5.png (2500,2500,3)
00614-5.0.png (2500,2500,3)
00615-3.0.png (2500,2500,3)
00615-3.5.png (2500,2500,3)
00615-4.0.png (2500,2500,3)
00615-4.5.png (2500,2500,3)
00615-5.0.png (2500,2500,3)
00616-3.0.png (2500,2500,3)
00616-3.5.png (2500,2500,3)
00616-4.0.png (2500,2500,3)
00616-4.5.png (2500,2500,3)
00616-5.0.png (2500,2500,3)
00617-3.0.png (2500,2500,3)
00617-3.5.png (2500,2500,3)
00617-4.0.png (2500,2500,3)
00617-4.5.png (2500,2500,3)
00617-5.0.png (2500,2500,3)
00618-3.0.png (2500,2500,3)
00618-3.5.png (2500,2500,3)
00618-4.0.png (2500,2500,3)
00618-4.5.png (2500,2500,3)
00618-5.0.png (2500,2500,3)
00620-3.0.png (2500,2500,3)
00620-3.5.png (2500,2500,3)
00620-4.0.png (2500,2500,3)
00620-4.5.png (2500,2500,3)
00620-5.0.png (2500,2500,3)
00621-3.0.png (2500,2500,3)
00621-3.5.png (2500,2500,3)
00621-4.0.png (2500,2500,3)
00621-4.5.png (2500,2500,3)
00621-5.0.png (2500,2500,3)
00622-3.0.png (2500,2500,3)
00622-3.5.png (2500,2500,3)
00622-4.0.png (2500,2500,3)
00622-4.5.png (2500,2500,3)
00622-5.0.png (2500,2500,3)
00623-3.0.png (2500,2500,3)
00623-3.5.png (2500,2500,3)
00623-4.0.png (2500,2500,3)
00623-4.5.png (2500,2500,3)
00623-5.0.png (2500,2500,3)
00624-3.0.png (2500,2500,3)
00624-3.5.png (2500,2500,3)
00624-4.0.png (2500,2500,3)
00624-4.5.png (2500,2500,3)
00624-5.0.png (2500,2500,3)
00625-3.0.png (2500,2500,3)
00625-3.5.png (2500,2500,3)
00625-4.0.png (2500,2500,3)
00625-4.5.png (2500,2500,3)
00625-5.0.png (2500,2500,3)
00626-3.0.png (2500,2500,3)
00626-3.5.png (2500,2500,3)
00626-4.0.png (2500,2500,3)
00626-4.5.png (2500,2500,3)
00626-5.0.png (2500,2500,3)
00627-3.0.png (2500,2500,3)
00627-3.5.png (2500,2500,3)
00627-4.0.png (2500,2500,3)
00627-4.5.png (2500,2500,3)
00627-5.0.png (2500,2500,3)
00628-3.0.png (2500,2500,3)
00628-3.5.png (2500,2500,3)
00628-4.0.png (2500,2500,3)
00628-4.5.png (2500,2500,3)
00628-5.0.png (2500,2500,3)
00629-3.0.png (2500,2500,3)
00629-3.5.png (2500,2500,3)
00629-4.0.png (2500,2500,3)
00629-4.5.png (2500,2500,3)
00629-5.0.png (2500,2500,3)
00630-3.0.png (2500,2500,3)
00630-3.5.png (2500,2500,3)
00630-4.0.png (2500,2500,3)
00630-4.5.png (2500,2500,3)
00630-5.0.png (2500,2500,3)
00631-3.0.png (2500,2500,3)
00631-3.5.png (2500,2500,3)
00631-4.0.png (2500,2500,3)
00631-4.5.png (2500,2500,3)
00631-5.0.png (2500,2500,3)
00632-3.0.png (2500,2500,3)
00632-3.5.png (2500,2500,3)
00632-4.0.png (2500,2500,3)
00632-4.5.png (2500,2500,3)
00632-5.0.png (2500,2500,3)
00633-3.0.png (2500,2500,3)
00633-3.5.png (2500,2500,3)
00633-4.0.png (2500,2500,3)
00633-4.5.png (2500,2500,3)
00633-5.0.png (2500,2500,3)
00634-3.0.png (2500,2500,3)
00634-3.5.png (2500,2500,3)
00634-4.0.png (2500,2500,3)
00634-4.5.png (2500,2500,3)
00634-5.0.png (2500,2500,3)
00635-3.0.png (2500,2500,3)
00635-3.5.png (2500,2500,3)
00635-4.0.png (2500,2500,3)
00635-4.5.png (2500,2500,3)
00635-5.0.png (2500,2500,3)
00636-3.0.png (2500,2500,3)
00636-3.5.png (2500,2500,3)
00636-4.0.png (2500,2500,3)
00636-4.5.png (2500,2500,3)
00636-5.0.png (2500,2500,3)
00637-3.0.png (2500,2500,3)
00637-3.5.png (2500,2500,3)
00637-4.0.png (2500,2500,3)
00637-4.5.png (2500,2500,3)
00637-5.0.png (2500,2500,3)
00638-3.0.png (2500,2500,3)
00638-3.5.png (2500,2500,3)
00638-4.0.png (2500,2500,3)
00638-4.5.png (2500,2500,3)
00638-5.0.png (2500,2500,3)
00639-3.0.png (2500,2500,3)
00639-3.5.png (2500,2500,3)
00639-4.0.png (2500,2500,3)
00639-4.5.png (2500,2500,3)
00639-5.0.png (2500,2500,3)
00641-3.0.png (2500,2500,3)
00641-3.5.png (2500,2500,3)
00641-4.0.png (2500,2500,3)
00641-4.5.png (2500,2500,3)
00641-5.0.png (2500,2500,3)
00642-3.0.png (2500,2500,3)
00642-3.5.png (2500,2500,3)
00642-4.0.png (2500,2500,3)
00642-4.5.png (2500,2500,3)
00642-5.0.png (2500,2500,3)
00644-3.0.png (2500,2500,3)
00644-3.5.png (2500,2500,3)
00644-4.0.png (2500,2500,3)
00644-4.5.png (2500,2500,3)
00644-5.0.png (2500,2500,3)
00646-3.0.png (2500,2500,3)
00646-3.5.png (2500,2500,3)
00646-4.0.png (2500,2500,3)
00646-4.5.png (2500,2500,3)
00646-5.0.png (2500,2500,3)
00647-3.0.png (2500,2500,3)
00647-3.5.png (2500,2500,3)
00647-4.0.png (2500,2500,3)
00647-4.5.png (2500,2500,3)
00647-5.0.png (2500,2500,3)
00648-3.0.png (2500,2500,3)
00648-3.5.png (2500,2500,3)
00648-4.0.png (2500,2500,3)
00648-4.5.png (2500,2500,3)
00648-5.0.png (2500,2500,3)
00649-3.0.png (2500,2500,3)
00649-3.5.png (2500,2500,3)
00649-4.0.png (2500,2500,3)
00649-4.5.png (2500,2500,3)
00649-5.0.png (2500,2500,3)
00651-3.0.png (2500,2500,3)
00651-3.5.png (2500,2500,3)
00651-4.0.png (2500,2500,3)
00651-4.5.png (2500,2500,3)
00651-5.0.png (2500,2500,3)
00652-3.0.png (2500,2500,3)
00652-3.5.png (2500,2500,3)
00652-4.0.png (2500,2500,3)
00652-4.5.png (2500,2500,3)
00652-5.0.png (2500,2500,3)
00653-3.0.png (2500,2500,3)
00653-3.5.png (2500,2500,3)
00653-4.0.png (2500,2500,3)
00653-4.5.png (2500,2500,3)
00653-5.0.png (2500,2500,3)
00655-3.0.png (2500,2500,3)
00655-3.5.png (2500,2500,3)
00655-4.0.png (2500,2500,3)
00655-4.5.png (2500,2500,3)
00655-5.0.png (2500,2500,3)
00656-3.0.png (2500,2500,3)
00656-3.5.png (2500,2500,3)
00656-4.0.png (2500,2500,3)
00656-4.5.png (2500,2500,3)
00656-5.0.png (2500,2500,3)
00658-3.0.png (2500,2500,3)
00658-3.5.png (2500,2500,3)
00658-4.0.png (2500,2500,3)
00658-4.5.png (2500,2500,3)
00658-5.0.png (2500,2500,3)
00659-3.0.png (2500,2500,3)
00659-3.5.png (2500,2500,3)
00659-4.0.png (2500,2500,3)
00659-4.5.png (2500,2500,3)
00659-5.0.png (2500,2500,3)
00660-3.0.png (2500,2500,3)
00660-3.5.png (2500,2500,3)
00660-4.0.png (2500,2500,3)
00660-4.5.png (2500,2500,3)
00660-5.0.png (2500,2500,3)
00661-3.0.png (2500,2500,3)
00661-3.5.png (2500,2500,3)
00661-4.0.png (2500,2500,3)
00661-4.5.png (2500,2500,3)
00661-5.0.png (2500,2500,3)
00662-3.0.png (2500,2500,3)
00662-3.5.png (2500,2500,3)
00662-4.0.png (2500,2500,3)
00662-4.5.png (2500,2500,3)
00662-5.0.png (2500,2500,3)
00663-3.0.png (2500,2500,3)
00663-3.5.png (2500,2500,3)
00663-4.0.png (2500,2500,3)
00663-4.5.png (2500,2500,3)
00663-5.0.png (2500,2500,3)
00664-3.0.png (2500,2500,3)
00664-3.5.png (2500,2500,3)
00664-4.0.png (2500,2500,3)
00664-4.5.png (2500,2500,3)
00664-5.0.png (2500,2500,3)
00665-3.0.png (2500,2500,3)
00665-3.5.png (2500,2500,3)
00665-4.0.png (2500,2500,3)
00665-4.5.png (2500,2500,3)
00665-5.0.png (2500,2500,3)
00666-3.0.png (2500,2500,3)
00666-3.5.png (2500,2500,3)
00666-4.0.png (2500,2500,3)
00666-4.5.png (2500,2500,3)
00666-5.0.png (2500,2500,3)
00667-3.0.png (2500,2500,3)
00667-3.5.png (2500,2500,3)
00667-4.0.png (2500,2500,3)
00667-4.5.png (2500,2500,3)
00667-5.0.png (2500,2500,3)
00668-3.0.png (2500,2500,3)
00668-3.5.png (2500,2500,3)
00668-4.0.png (2500,2500,3)
00668-4.5.png (2500,2500,3)
00668-5.0.png (2500,2500,3)
00669-3.0.png (2500,2500,3)
00669-3.5.png (2500,2500,3)
00669-4.0.png (2500,2500,3)
00669-4.5.png (2500,2500,3)
00669-5.0.png (2500,2500,3)
00670-3.0.png (2500,2500,3)
00670-3.5.png (2500,2500,3)
00670-4.0.png (2500,2500,3)
00670-4.5.png (2500,2500,3)
00670-5.0.png (2500,2500,3)
00671-3.0.png (2500,2500,3)
00671-3.5.png (2500,2500,3)
00671-4.0.png (2500,2500,3)
00671-4.5.png (2500,2500,3)
00671-5.0.png (2500,2500,3)
00672-3.0.png (2500,2500,3)
00672-3.5.png (2500,2500,3)
00672-4.0.png (2500,2500,3)
00672-4.5.png (2500,2500,3)
00672-5.0.png (2500,2500,3)
00674-3.0.png (2500,2500,3)
00674-3.5.png (2500,2500,3)
00674-4.0.png (2500,2500,3)
00674-4.5.png (2500,2500,3)
00674-5.0.png (2500,2500,3)
00675-3.0.png (2500,2500,3)
00675-3.5.png (2500,2500,3)
00675-4.0.png (2500,2500,3)
00675-4.5.png (2500,2500,3)
00675-5.0.png (2500,2500,3)
00676-3.0.png (2500,2500,3)
00676-3.5.png (2500,2500,3)
00676-4.0.png (2500,2500,3)
00676-4.5.png (2500,2500,3)
00676-5.0.png (2500,2500,3)
00677-3.0.png (2500,2500,3)
00677-3.5.png (2500,2500,3)
00677-4.0.png (2500,2500,3)
00677-4.5.png (2500,2500,3)
00677-5.0.png (2500,2500,3)
00678-3.0.png (2500,2500,3)
00678-3.5.png (2500,2500,3)
00678-4.0.png (2500,2500,3)
00678-4.5.png (2500,2500,3)
00678-5.0.png (2500,2500,3)
00679-3.0.png (2500,2500,3)
00679-3.5.png (2500,2500,3)
00679-4.0.png (2500,2500,3)
00679-4.5.png (2500,2500,3)
00679-5.0.png (2500,2500,3)
00681-3.0.png (2500,2500,3)
00681-3.5.png (2500,2500,3)
00681-4.0.png (2500,2500,3)
00681-4.5.png (2500,2500,3)
00681-5.0.png (2500,2500,3)
00682-3.0.png (2500,2500,3)
00682-3.5.png (2500,2500,3)
00682-4.0.png (2500,2500,3)
00682-4.5.png (2500,2500,3)
00682-5.0.png (2500,2500,3)
00683-3.0.png (2500,2500,3)
00683-3.5.png (2500,2500,3)
00683-4.0.png (2500,2500,3)
00683-4.5.png (2500,2500,3)
00683-5.0.png (2500,2500,3)
00684-3.0.png (2500,2500,3)
00684-3.5.png (2500,2500,3)
00684-4.0.png (2500,2500,3)
00684-4.5.png (2500,2500,3)
00684-5.0.png (2500,2500,3)
00685-3.0.png (2500,2500,3)
00685-3.5.png (2500,2500,3)
00685-4.0.png (2500,2500,3)
00685-4.5.png (2500,2500,3)
00685-5.0.png (2500,2500,3)
00686-3.0.png (2500,2500,3)
00686-3.5.png (2500,2500,3)
00686-4.0.png (2500,2500,3)
00686-4.5.png (2500,2500,3)
00686-5.0.png (2500,2500,3)
00687-3.0.png (2500,2500,3)
00687-3.5.png (2500,2500,3)
00687-4.0.png (2500,2500,3)
00687-4.5.png (2500,2500,3)
00687-5.0.png (2500,2500,3)
00688-3.0.png (2500,2500,3)
00688-3.5.png (2500,2500,3)
00688-4.0.png (2500,2500,3)
00688-4.5.png (2500,2500,3)
00688-5.0.png (2500,2500,3)
00689-3.0.png (2500,2500,3)
00689-3.5.png (2500,2500,3)
00689-4.0.png (2500,2500,3)
00689-4.5.png (2500,2500,3)
00689-5.0.png (2500,2500,3)
00690-3.0.png (2500,2500,3)
00690-3.5.png (2500,2500,3)
00690-4.0.png (2500,2500,3)
00690-4.5.png (2500,2500,3)
00690-5.0.png (2500,2500,3)
00691-3.0.png (2500,2500,3)
00691-3.5.png (2500,2500,3)
00691-4.0.png (2500,2500,3)
00691-4.5.png (2500,2500,3)
00691-5.0.png (2500,2500,3)
00692-3.0.png (2500,2500,3)
00692-3.5.png (2500,2500,3)
00692-4.0.png (2500,2500,3)
00692-4.5.png (2500,2500,3)
00692-5.0.png (2500,2500,3)
00693-3.0.png (2500,2500,3)
00693-3.5.png (2500,2500,3)
00693-4.0.png (2500,2500,3)
00693-4.5.png (2500,2500,3)
00693-5.0.png (2500,2500,3)
00694-3.0.png (2500,2500,3)
00694-3.5.png (2500,2500,3)
00694-4.0.png (2500,2500,3)
00694-4.5.png (2500,2500,3)
00694-5.0.png (2500,2500,3)
00695-3.0.png (2500,2500,3)
00695-3.5.png (2500,2500,3)
00695-4.0.png (2500,2500,3)
00695-4.5.png (2500,2500,3)
00695-5.0.png (2500,2500,3)
00697-3.0.png (2500,2500,3)
00697-3.5.png (2500,2500,3)
00697-4.0.png (2500,2500,3)
00697-4.5.png (2500,2500,3)
00697-5.0.png (2500,2500,3)
00699-3.0.png (2500,2500,3)
00699-3.5.png (2500,2500,3)
00699-4.0.png (2500,2500,3)
00699-4.5.png (2500,2500,3)
00699-5.0.png (2500,2500,3)
00700-3.0.png (2500,2500,3)
00700-3.5.png (2500,2500,3)
00700-4.0.png (2500,2500,3)
00700-4.5.png (2500,2500,3)
00700-5.0.png (2500,2500,3)
00701-3.0.png (2500,2500,3)
00701-3.5.png (2500,2500,3)
00701-4.0.png (2500,2500,3)
00701-4.5.png (2500,2500,3)
00701-5.0.png (2500,2500,3)
00702-3.0.png (2500,2500,3)
00702-3.5.png (2500,2500,3)
00702-4.0.png (2500,2500,3)
00702-4.5.png (2500,2500,3)
00702-5.0.png (2500,2500,3)
00703-3.0.png (2500,2500,3)
00703-3.5.png (2500,2500,3)
00703-4.0.png (2500,2500,3)
00703-4.5.png (2500,2500,3)
00703-5.0.png (2500,2500,3)
00705-3.0.png (2500,2500,3)
00705-3.5.png (2500,2500,3)
00705-4.0.png (2500,2500,3)
00705-4.5.png (2500,2500,3)
00705-5.0.png (2500,2500,3)
00706-3.0.png (2500,2500,3)
00706-3.5.png (2500,2500,3)
00706-4.0.png (2500,2500,3)
00706-4.5.png (2500,2500,3)
00706-5.0.png (2500,2500,3)
00707-3.0.png (2500,2500,3)
00707-3.5.png (2500,2500,3)
00707-4.0.png (2500,2500,3)
00707-4.5.png (2500,2500,3)
00707-5.0.png (2500,2500,3)
00708-3.0.png (2500,2500,3)
00708-3.5.png (2500,2500,3)
00708-4.0.png (2500,2500,3)
00708-4.5.png (2500,2500,3)
00708-5.0.png (2500,2500,3)
00709-3.0.png (2500,2500,3)
00709-3.5.png (2500,2500,3)
00709-4.0.png (2500,2500,3)
00709-4.5.png (2500,2500,3)
00709-5.0.png (2500,2500,3)
00711-3.0.png (2500,2500,3)
00711-3.5.png (2500,2500,3)
00711-4.0.png (2500,2500,3)
00711-4.5.png (2500,2500,3)
00711-5.0.png (2500,2500,3)
00712-3.0.png (2500,2500,3)
00712-3.5.png (2500,2500,3)
00712-4.0.png (2500,2500,3)
00712-4.5.png (2500,2500,3)
00712-5.0.png (2500,2500,3)
00715-3.0.png (2500,2500,3)
00715-3.5.png (2500,2500,3)
00715-4.0.png (2500,2500,3)
00715-4.5.png (2500,2500,3)
00715-5.0.png (2500,2500,3)
00716-3.0.png (2500,2500,3)
00716-3.5.png (2500,2500,3)
00716-4.0.png (2500,2500,3)
00716-4.5.png (2500,2500,3)
00716-5.0.png (2500,2500,3)
00717-3.0.png (2500,2500,3)
00717-3.5.png (2500,2500,3)
00717-4.0.png (2500,2500,3)
00717-4.5.png (2500,2500,3)
00717-5.0.png (2500,2500,3)
00718-3.0.png (2500,2500,3)
00718-3.5.png (2500,2500,3)
00718-4.0.png (2500,2500,3)
00718-4.5.png (2500,2500,3)
00718-5.0.png (2500,2500,3)
00719-3.0.png (2500,2500,3)
00719-3.5.png (2500,2500,3)
00719-4.0.png (2500,2500,3)
00719-4.5.png (2500,2500,3)
00719-5.0.png (2500,2500,3)
00720-3.0.png (2500,2500,3)
00720-3.5.png (2500,2500,3)
00720-4.0.png (2500,2500,3)
00720-4.5.png (2500,2500,3)
00720-5.0.png (2500,2500,3)
00721-3.0.png (2500,2500,3)
00721-3.5.png (2500,2500,3)
00721-4.0.png (2500,2500,3)
00721-4.5.png (2500,2500,3)
00721-5.0.png (2500,2500,3)
00722-3.0.png (2500,2500,3)
00722-3.5.png (2500,2500,3)
00722-4.0.png (2500,2500,3)
00722-4.5.png (2500,2500,3)
00722-5.0.png (2500,2500,3)
00723-3.0.png (2500,2500,3)
00723-3.5.png (2500,2500,3)
00723-4.0.png (2500,2500,3)
00723-4.5.png (2500,2500,3)
00723-5.0.png (2500,2500,3)
00724-3.0.png (2500,2500,3)
00724-3.5.png (2500,2500,3)
00724-4.0.png (2500,2500,3)
00724-4.5.png (2500,2500,3)
00724-5.0.png (2500,2500,3)
00725-3.0.png (2500,2500,3)
00725-3.5.png (2500,2500,3)
00725-4.0.png (2500,2500,3)
00725-4.5.png (2500,2500,3)
00725-5.0.png (2500,2500,3)
00726-3.0.png (2500,2500,3)
00726-3.5.png (2500,2500,3)
00726-4.0.png (2500,2500,3)
00726-4.5.png (2500,2500,3)
00726-5.0.png (2500,2500,3)
00727-3.0.png (2500,2500,3)
00727-3.5.png (2500,2500,3)
00727-4.0.png (2500,2500,3)
00727-4.5.png (2500,2500,3)
00727-5.0.png (2500,2500,3)
00728-3.0.png (2500,2500,3)
00728-3.5.png (2500,2500,3)
00728-4.0.png (2500,2500,3)
00728-4.5.png (2500,2500,3)
00728-5.0.png (2500,2500,3)
00729-3.0.png (2500,2500,3)
00729-3.5.png (2500,2500,3)
00729-4.0.png (2500,2500,3)
00729-4.5.png (2500,2500,3)
00729-5.0.png (2500,2500,3)
00730-3.0.png (2500,2500,3)
00730-3.5.png (2500,2500,3)
00730-4.0.png (2500,2500,3)
00730-4.5.png (2500,2500,3)
00730-5.0.png (2500,2500,3)
00731-3.0.png (2500,2500,3)
00731-3.5.png (2500,2500,3)
00731-4.0.png (2500,2500,3)
00731-4.5.png (2500,2500,3)
00731-5.0.png (2500,2500,3)
00732-3.0.png (2500,2500,3)
00732-3.5.png (2500,2500,3)
00732-4.0.png (2500,2500,3)
00732-4.5.png (2500,2500,3)
00732-5.0.png (2500,2500,3)
00733-3.0.png (2500,2500,3)
00733-3.5.png (2500,2500,3)
00733-4.0.png (2500,2500,3)
00733-4.5.png (2500,2500,3)
00733-5.0.png (2500,2500,3)
00734-3.0.png (2500,2500,3)
00734-3.5.png (2500,2500,3)
00734-4.0.png (2500,2500,3)
00734-4.5.png (2500,2500,3)
00734-5.0.png (2500,2500,3)
00735-3.0.png (2500,2500,3)
00735-3.5.png (2500,2500,3)
00735-4.0.png (2500,2500,3)
00735-4.5.png (2500,2500,3)
00735-5.0.png (2500,2500,3)
00737-3.0.png (2500,2500,3)
00737-3.5.png (2500,2500,3)
00737-4.0.png (2500,2500,3)
00737-4.5.png (2500,2500,3)
00737-5.0.png (2500,2500,3)
00738-3.0.png (2500,2500,3)
00738-3.5.png (2500,2500,3)
00738-4.0.png (2500,2500,3)
00738-4.5.png (2500,2500,3)
00738-5.0.png (2500,2500,3)
00739-3.0.png (2500,2500,3)
00739-3.5.png (2500,2500,3)
00739-4.0.png (2500,2500,3)
00739-4.5.png (2500,2500,3)
00739-5.0.png (2500,2500,3)
00740-3.0.png (2500,2500,3)
00740-3.5.png (2500,2500,3)
00740-4.0.png (2500,2500,3)
00740-4.5.png (2500,2500,3)
00740-5.0.png (2500,2500,3)
00745-3.0.png (2500,2500,3)
00745-3.5.png (2500,2500,3)
00745-4.0.png (2500,2500,3)
00745-4.5.png (2500,2500,3)
00745-5.0.png (2500,2500,3)
00746-3.0.png (2500,2500,3)
00746-3.5.png (2500,2500,3)
00746-4.0.png (2500,2500,3)
00746-4.5.png (2500,2500,3)
00746-5.0.png (2500,2500,3)
00749-3.0.png (2500,2500,3)
00749-3.5.png (2500,2500,3)
00749-4.0.png (2500,2500,3)
00749-4.5.png (2500,2500,3)
00749-5.0.png (2500,2500,3)
00751-3.0.png (2500,2500,3)
00751-3.5.png (2500,2500,3)
00751-4.0.png (2500,2500,3)
00751-4.5.png (2500,2500,3)
00751-5.0.png (2500,2500,3)
00753-3.0.png (2500,2500,3)
00753-3.5.png (2500,2500,3)
00753-4.0.png (2500,2500,3)
00753-4.5.png (2500,2500,3)
00753-5.0.png (2500,2500,3)
00754-3.0.png (2500,2500,3)
00754-3.5.png (2500,2500,3)
00754-4.0.png (2500,2500,3)
00754-4.5.png (2500,2500,3)
00754-5.0.png (2500,2500,3)
00756-3.0.png (2500,2500,3)
00756-3.5.png (2500,2500,3)
00756-4.0.png (2500,2500,3)
00756-4.5.png (2500,2500,3)
00756-5.0.png (2500,2500,3)
00758-3.0.png (2500,2500,3)
00758-3.5.png (2500,2500,3)
00758-4.0.png (2500,2500,3)
00758-4.5.png (2500,2500,3)
00758-5.0.png (2500,2500,3)
00759-3.0.png (2500,2500,3)
00759-3.5.png (2500,2500,3)
00759-4.0.png (2500,2500,3)
00759-4.5.png (2500,2500,3)
00759-5.0.png (2500,2500,3)
00760-3.0.png (2500,2500,3)
00760-3.5.png (2500,2500,3)
00760-4.0.png (2500,2500,3)
00760-4.5.png (2500,2500,3)
00760-5.0.png (2500,2500,3)
00761-3.0.png (2500,2500,3)
00761-3.5.png (2500,2500,3)
00761-4.0.png (2500,2500,3)
00761-4.5.png (2500,2500,3)
00761-5.0.png (2500,2500,3)
00762-3.0.png (2500,2500,3)
00762-3.5.png (2500,2500,3)
00762-4.0.png (2500,2500,3)
00762-4.5.png (2500,2500,3)
00762-5.0.png (2500,2500,3)
00763-3.0.png (2500,2500,3)
00763-3.5.png (2500,2500,3)
00763-4.0.png (2500,2500,3)
00763-4.5.png (2500,2500,3)
00763-5.0.png (2500,2500,3)
00764-3.0.png (2500,2500,3)
00764-3.5.png (2500,2500,3)
00764-4.0.png (2500,2500,3)
00764-4.5.png (2500,2500,3)
00764-5.0.png (2500,2500,3)
00765-3.0.png (2500,2500,3)
00765-3.5.png (2500,2500,3)
00765-4.0.png (2500,2500,3)
00765-4.5.png (2500,2500,3)
00765-5.0.png (2500,2500,3)
00766-3.0.png (2500,2500,3)
00766-3.5.png (2500,2500,3)
00766-4.0.png (2500,2500,3)
00766-4.5.png (2500,2500,3)
00766-5.0.png (2500,2500,3)
00767-3.0.png (2500,2500,3)
00767-3.5.png (2500,2500,3)
00767-4.0.png (2500,2500,3)
00767-4.5.png (2500,2500,3)
00767-5.0.png (2500,2500,3)
00768-3.0.png (2500,2500,3)
00768-3.5.png (2500,2500,3)
00768-4.0.png (2500,2500,3)
00768-4.5.png (2500,2500,3)
00768-5.0.png (2500,2500,3)
00770-3.0.png (2500,2500,3)
00770-3.5.png (2500,2500,3)
00770-4.0.png (2500,2500,3)
00770-4.5.png (2500,2500,3)
00770-5.0.png (2500,2500,3)
00771-3.0.png (2500,2500,3)
00771-3.5.png (2500,2500,3)
00771-4.0.png (2500,2500,3)
00771-4.5.png (2500,2500,3)
00771-5.0.png (2500,2500,3)
00772-3.0.png (2500,2500,3)
00772-3.5.png (2500,2500,3)
00772-4.0.png (2500,2500,3)
00772-4.5.png (2500,2500,3)
00772-5.0.png (2500,2500,3)
00773-3.0.png (2500,2500,3)
00773-3.5.png (2500,2500,3)
00773-4.0.png (2500,2500,3)
00773-4.5.png (2500,2500,3)
00773-5.0.png (2500,2500,3)
00774-3.0.png (2500,2500,3)
00774-3.5.png (2500,2500,3)
00774-4.0.png (2500,2500,3)
00774-4.5.png (2500,2500,3)
00774-5.0.png (2500,2500,3)
00775-3.0.png (2500,2500,3)
00775-3.5.png (2500,2500,3)
00775-4.0.png (2500,2500,3)
00775-4.5.png (2500,2500,3)
00775-5.0.png (2500,2500,3)
00776-3.0.png (2500,2500,3)
00776-3.5.png (2500,2500,3)
00776-4.0.png (2500,2500,3)
00776-4.5.png (2500,2500,3)
00776-5.0.png (2500,2500,3)
00777-3.0.png (2500,2500,3)
00777-3.5.png (2500,2500,3)
00777-4.0.png (2500,2500,3)
00777-4.5.png (2500,2500,3)
00777-5.0.png (2500,2500,3)
00778-3.0.png (2500,2500,3)
00778-3.5.png (2500,2500,3)
00778-4.0.png (2500,2500,3)
00778-4.5.png (2500,2500,3)
00778-5.0.png (2500,2500,3)
00779-3.0.png (2500,2500,3)
00779-3.5.png (2500,2500,3)
00779-4.0.png (2500,2500,3)
00779-4.5.png (2500,2500,3)
00779-5.0.png (2500,2500,3)
00781-3.0.png (2500,2500,3)
00781-3.5.png (2500,2500,3)
00781-4.0.png (2500,2500,3)
00781-4.5.png (2500,2500,3)
00781-5.0.png (2500,2500,3)
00782-3.0.png (2500,2500,3)
00782-3.5.png (2500,2500,3)
00782-4.0.png (2500,2500,3)
00782-4.5.png (2500,2500,3)
00782-5.0.png (2500,2500,3)
00783-3.0.png (2500,2500,3)
00783-3.5.png (2500,2500,3)
00783-4.0.png (2500,2500,3)
00783-4.5.png (2500,2500,3)
00783-5.0.png (2500,2500,3)
00786-3.0.png (2500,2500,3)
00786-3.5.png (2500,2500,3)
00786-4.0.png (2500,2500,3)
00786-4.5.png (2500,2500,3)
00786-5.0.png (2500,2500,3)
00787-3.0.png (2500,2500,3)
00787-3.5.png (2500,2500,3)
00787-4.0.png (2500,2500,3)
00787-4.5.png (2500,2500,3)
00787-5.0.png (2500,2500,3)
00788-3.0.png (2500,2500,3)
00788-3.5.png (2500,2500,3)
00788-4.0.png (2500,2500,3)
00788-4.5.png (2500,2500,3)
00788-5.0.png (2500,2500,3)
00789-3.0.png (2500,2500,3)
00789-3.5.png (2500,2500,3)
00789-4.0.png (2500,2500,3)
00789-4.5.png (2500,2500,3)
00789-5.0.png (2500,2500,3)
00790-3.0.png (2500,2500,3)
00790-3.5.png (2500,2500,3)
00790-4.0.png (2500,2500,3)
00790-4.5.png (2500,2500,3)
00790-5.0.png (2500,2500,3)
00791-3.0.png (2500,2500,3)
00791-3.5.png (2500,2500,3)
00791-4.0.png (2500,2500,3)
00791-4.5.png (2500,2500,3)
00791-5.0.png (2500,2500,3)
00792-3.0.png (2500,2500,3)
00792-3.5.png (2500,2500,3)
00792-4.0.png (2500,2500,3)
00792-4.5.png (2500,2500,3)
00792-5.0.png (2500,2500,3)
00793-3.0.png (2500,2500,3)
00793-3.5.png (2500,2500,3)
00793-4.0.png (2500,2500,3)
00793-4.5.png (2500,2500,3)
00793-5.0.png (2500,2500,3)
00795-3.0.png (2500,2500,3)
00795-3.5.png (2500,2500,3)
00795-4.0.png (2500,2500,3)
00795-4.5.png (2500,2500,3)
00795-5.0.png (2500,2500,3)
00796-3.0.png (2500,2500,3)
00796-3.5.png (2500,2500,3)
00796-4.0.png (2500,2500,3)
00796-4.5.png (2500,2500,3)
00796-5.0.png (2500,2500,3)
00797-3.0.png (2500,2500,3)
00797-3.5.png (2500,2500,3)
00797-4.0.png (2500,2500,3)
00797-4.5.png (2500,2500,3)
00797-5.0.png (2500,2500,3)
00798-3.0.png (2500,2500,3)
00798-3.5.png (2500,2500,3)
00798-4.0.png (2500,2500,3)
00798-4.5.png (2500,2500,3)
00798-5.0.png (2500,2500,3)
00799-3.0.png (2500,2500,3)
00799-3.5.png (2500,2500,3)
00799-4.0.png (2500,2500,3)
00799-4.5.png (2500,2500,3)
00799-5.0.png (2500,2500,3)
00800-3.0.png (2500,2500,3)
00800-3.5.png (2500,2500,3)
00800-4.0.png (2500,2500,3)
00800-4.5.png (2500,2500,3)
00800-5.0.png (2500,2500,3)
00801-3.0.png (2500,2500,3)
00801-3.5.png (2500,2500,3)
00801-4.0.png (2500,2500,3)
00801-4.5.png (2500,2500,3)
00801-5.0.png (2500,2500,3)
00803-3.0.png (2500,2500,3)
00803-3.5.png (2500,2500,3)
00803-4.0.png (2500,2500,3)
00803-4.5.png (2500,2500,3)
00803-5.0.png (2500,2500,3)
00804-3.0.png (2500,2500,3)
00804-3.5.png (2500,2500,3)
00804-4.0.png (2500,2500,3)
00804-4.5.png (2500,2500,3)
00804-5.0.png (2500,2500,3)
00805-3.0.png (2500,2500,3)
00805-3.5.png (2500,2500,3)
00805-4.0.png (2500,2500,3)
00805-4.5.png (2500,2500,3)
00805-5.0.png (2500,2500,3)
00806-3.0.png (2500,2500,3)
00806-3.5.png (2500,2500,3)
00806-4.0.png (2500,2500,3)
00806-4.5.png (2500,2500,3)
00806-5.0.png (2500,2500,3)
00808-3.0.png (2500,2500,3)
00808-3.5.png (2500,2500,3)
00808-4.0.png (2500,2500,3)
00808-4.5.png (2500,2500,3)
00808-5.0.png (2500,2500,3)
00809-3.0.png (2500,2500,3)
00809-3.5.png (2500,2500,3)
00809-4.0.png (2500,2500,3)
00809-4.5.png (2500,2500,3)
00809-5.0.png (2500,2500,3)
00810-3.0.png (2500,2500,3)
00810-3.5.png (2500,2500,3)
00810-4.0.png (2500,2500,3)
00810-4.5.png (2500,2500,3)
00810-5.0.png (2500,2500,3)
00811-3.0.png (2500,2500,3)
00811-3.5.png (2500,2500,3)
00811-4.0.png (2500,2500,3)
00811-4.5.png (2500,2500,3)
00811-5.0.png (2500,2500,3)
00812-3.0.png (2500,2500,3)
00812-3.5.png (2500,2500,3)
00812-4.0.png (2500,2500,3)
00812-4.5.png (2500,2500,3)
00812-5.0.png (2500,2500,3)
00813-3.0.png (2500,2500,3)
00813-3.5.png (2500,2500,3)
00813-4.0.png (2500,2500,3)
00813-4.5.png (2500,2500,3)
00813-5.0.png (2500,2500,3)
00814-3.0.png (2500,2500,3)
00814-3.5.png (2500,2500,3)
00814-4.0.png (2500,2500,3)
00814-4.5.png (2500,2500,3)
00814-5.0.png (2500,2500,3)
00815-3.0.png (2500,2500,3)
00815-3.5.png (2500,2500,3)
00815-4.0.png (2500,2500,3)
00815-4.5.png (2500,2500,3)
00815-5.0.png (2500,2500,3)
00816-3.0.png (2500,2500,3)
00816-3.5.png (2500,2500,3)
00816-4.0.png (2500,2500,3)
00816-4.5.png (2500,2500,3)
00816-5.0.png (2500,2500,3)
00817-3.0.png (2500,2500,3)
00817-3.5.png (2500,2500,3)
00817-4.0.png (2500,2500,3)
00817-4.5.png (2500,2500,3)
00817-5.0.png (2500,2500,3)
00818-3.0.png (2500,2500,3)
00818-3.5.png (2500,2500,3)
00818-4.0.png (2500,2500,3)
00818-4.5.png (2500,2500,3)
00818-5.0.png (2500,2500,3)
00819-3.0.png (2500,2500,3)
00819-3.5.png (2500,2500,3)
00819-4.0.png (2500,2500,3)
00819-4.5.png (2500,2500,3)
00819-5.0.png (2500,2500,3)
00820-3.0.png (2500,2500,3)
00820-3.5.png (2500,2500,3)
00820-4.0.png (2500,2500,3)
00820-4.5.png (2500,2500,3)
00820-5.0.png (2500,2500,3)
00821-3.0.png (2500,2500,3)
00821-3.5.png (2500,2500,3)
00821-4.0.png (2500,2500,3)
00821-4.5.png (2500,2500,3)
00821-5.0.png (2500,2500,3)
00822-3.0.png (2500,2500,3)
00822-3.5.png (2500,2500,3)
00822-4.0.png (2500,2500,3)
00822-4.5.png (2500,2500,3)
00822-5.0.png (2500,2500,3)
00823-3.0.png (2500,2500,3)
00823-3.5.png (2500,2500,3)
00823-4.0.png (2500,2500,3)
00823-4.5.png (2500,2500,3)
00823-5.0.png (2500,2500,3)
00824-3.0.png (2500,2500,3)
00824-3.5.png (2500,2500,3)
00824-4.0.png (2500,2500,3)
00824-4.5.png (2500,2500,3)
00824-5.0.png (2500,2500,3)
00825-3.0.png (2500,2500,3)
00825-3.5.png (2500,2500,3)
00825-4.0.png (2500,2500,3)
00825-4.5.png (2500,2500,3)
00825-5.0.png (2500,2500,3)
00826-3.0.png (2500,2500,3)
00826-3.5.png (2500,2500,3)
00826-4.0.png (2500,2500,3)
00826-4.5.png (2500,2500,3)
00826-5.0.png (2500,2500,3)
00827-3.0.png (2500,2500,3)
00827-3.5.png (2500,2500,3)
00827-4.0.png (2500,2500,3)
00827-4.5.png (2500,2500,3)
00827-5.0.png (2500,2500,3)
00829-3.0.png (2500,2500,3)
00829-3.5.png (2500,2500,3)
00829-4.0.png (2500,2500,3)
00829-4.5.png (2500,2500,3)
00829-5.0.png (2500,2500,3)
00832-3.0.png (2500,2500,3)
00832-3.5.png (2500,2500,3)
00832-4.0.png (2500,2500,3)
00832-4.5.png (2500,2500,3)
00832-5.0.png (2500,2500,3)
00833-3.0.png (2500,2500,3)
00833-3.5.png (2500,2500,3)
00833-4.0.png (2500,2500,3)
00833-4.5.png (2500,2500,3)
00833-5.0.png (2500,2500,3)
00835-3.0.png (2500,2500,3)
00835-3.5.png (2500,2500,3)
00835-4.0.png (2500,2500,3)
00835-4.5.png (2500,2500,3)
00835-5.0.png (2500,2500,3)
00836-3.0.png (2500,2500,3)
00836-3.5.png (2500,2500,3)
00836-4.0.png (2500,2500,3)
00836-4.5.png (2500,2500,3)
00836-5.0.png (2500,2500,3)
00837-3.0.png (2500,2500,3)
00837-3.5.png (2500,2500,3)
00837-4.0.png (2500,2500,3)
00837-4.5.png (2500,2500,3)
00837-5.0.png (2500,2500,3)
00838-3.0.png (2500,2500,3)
00838-3.5.png (2500,2500,3)
00838-4.0.png (2500,2500,3)
00838-4.5.png (2500,2500,3)
00838-5.0.png (2500,2500,3)
00839-3.0.png (2500,2500,3)
00839-3.5.png (2500,2500,3)
00839-4.0.png (2500,2500,3)
00839-4.5.png (2500,2500,3)
00839-5.0.png (2500,2500,3)
00840-3.0.png (2500,2500,3)
00840-3.5.png (2500,2500,3)
00840-4.0.png (2500,2500,3)
00840-4.5.png (2500,2500,3)
00840-5.0.png (2500,2500,3)
00842-3.0.png (2500,2500,3)
00842-3.5.png (2500,2500,3)
00842-4.0.png (2500,2500,3)
00842-4.5.png (2500,2500,3)
00842-5.0.png (2500,2500,3)
00843-3.0.png (2500,2500,3)
00843-3.5.png (2500,2500,3)
00843-4.0.png (2500,2500,3)
00843-4.5.png (2500,2500,3)
00843-5.0.png (2500,2500,3)
00844-3.0.png (2500,2500,3)
00844-3.5.png (2500,2500,3)
00844-4.0.png (2500,2500,3)
00844-4.5.png (2500,2500,3)
00844-5.0.png (2500,2500,3)
00845-3.0.png (2500,2500,3)
00845-3.5.png (2500,2500,3)
00845-4.0.png (2500,2500,3)
00845-4.5.png (2500,2500,3)
00845-5.0.png (2500,2500,3)
00846-3.0.png (2500,2500,3)
00846-3.5.png (2500,2500,3)
00846-4.0.png (2500,2500,3)
00846-4.5.png (2500,2500,3)
00846-5.0.png (2500,2500,3)
00847-3.0.png (2500,2500,3)
00847-3.5.png (2500,2500,3)
00847-4.0.png (2500,2500,3)
00847-4.5.png (2500,2500,3)
00847-5.0.png (2500,2500,3)
00848-3.0.png (2500,2500,3)
00848-3.5.png (2500,2500,3)
00848-4.0.png (2500,2500,3)
00848-4.5.png (2500,2500,3)
00848-5.0.png (2500,2500,3)
00849-3.0.png (2500,2500,3)
00849-3.5.png (2500,2500,3)
00849-4.0.png (2500,2500,3)
00849-4.5.png (2500,2500,3)
00849-5.0.png (2500,2500,3)
00851-3.0.png (2500,2500,3)
00851-3.5.png (2500,2500,3)
00851-4.0.png (2500,2500,3)
00851-4.5.png (2500,2500,3)
00851-5.0.png (2500,2500,3)
00852-3.0.png (2500,2500,3)
00852-3.5.png (2500,2500,3)
00852-4.0.png (2500,2500,3)
00852-4.5.png (2500,2500,3)
00852-5.0.png (2500,2500,3)
00853-3.0.png (2500,2500,3)
00853-3.5.png (2500,2500,3)
00853-4.0.png (2500,2500,3)
00853-4.5.png (2500,2500,3)
00853-5.0.png (2500,2500,3)
00854-3.0.png (2500,2500,3)
00854-3.5.png (2500,2500,3)
00854-4.0.png (2500,2500,3)
00854-4.5.png (2500,2500,3)
00854-5.0.png (2500,2500,3)
00855-3.0.png (2500,2500,3)
00855-3.5.png (2500,2500,3)
00855-4.0.png (2500,2500,3)
00855-4.5.png (2500,2500,3)
00855-5.0.png (2500,2500,3)
00856-3.0.png (2500,2500,3)
00856-3.5.png (2500,2500,3)
00856-4.0.png (2500,2500,3)
00856-4.5.png (2500,2500,3)
00856-5.0.png (2500,2500,3)
00857-3.0.png (2500,2500,3)
00857-3.5.png (2500,2500,3)
00857-4.0.png (2500,2500,3)
00857-4.5.png (2500,2500,3)
00857-5.0.png (2500,2500,3)
00859-3.0.png (2500,2500,3)
00859-3.5.png (2500,2500,3)
00859-4.0.png (2500,2500,3)
00859-4.5.png (2500,2500,3)
00859-5.0.png (2500,2500,3)
00861-3.0.png (2500,2500,3)
00861-3.5.png (2500,2500,3)
00861-4.0.png (2500,2500,3)
00861-4.5.png (2500,2500,3)
00861-5.0.png (2500,2500,3)
00862-3.0.png (2500,2500,3)
00862-3.5.png (2500,2500,3)
00862-4.0.png (2500,2500,3)
00862-4.5.png (2500,2500,3)
00862-5.0.png (2500,2500,3)
00863-3.0.png (2500,2500,3)
00863-3.5.png (2500,2500,3)
00863-4.0.png (2500,2500,3)
00863-4.5.png (2500,2500,3)
00863-5.0.png (2500,2500,3)
00864-3.0.png (2500,2500,3)
00864-3.5.png (2500,2500,3)
00864-4.0.png (2500,2500,3)
00864-4.5.png (2500,2500,3)
00864-5.0.png (2500,2500,3)
00865-3.0.png (2500,2500,3)
00865-3.5.png (2500,2500,3)
00865-4.0.png (2500,2500,3)
00865-4.5.png (2500,2500,3)
00865-5.0.png (2500,2500,3)
00866-3.0.png (2500,2500,3)
00866-3.5.png (2500,2500,3)
00866-4.0.png (2500,2500,3)
00866-4.5.png (2500,2500,3)
00866-5.0.png (2500,2500,3)
00867-3.0.png (2500,2500,3)
00867-3.5.png (2500,2500,3)
00867-4.0.png (2500,2500,3)
00867-4.5.png (2500,2500,3)
00867-5.0.png (2500,2500,3)
00868-3.0.png (2500,2500,3)
00868-3.5.png (2500,2500,3)
00868-4.0.png (2500,2500,3)
00868-4.5.png (2500,2500,3)
00868-5.0.png (2500,2500,3)
00869-3.0.png (2500,2500,3)
00869-3.5.png (2500,2500,3)
00869-4.0.png (2500,2500,3)
00869-4.5.png (2500,2500,3)
00869-5.0.png (2500,2500,3)
00870-3.0.png (2500,2500,3)
00870-3.5.png (2500,2500,3)
00870-4.0.png (2500,2500,3)
00870-4.5.png (2500,2500,3)
00870-5.0.png (2500,2500,3)
00871-3.0.png (2500,2500,3)
00871-3.5.png (2500,2500,3)
00871-4.0.png (2500,2500,3)
00871-4.5.png (2500,2500,3)
00871-5.0.png (2500,2500,3)
00872-3.0.png (2500,2500,3)
00872-3.5.png (2500,2500,3)
00872-4.0.png (2500,2500,3)
00872-4.5.png (2500,2500,3)
00872-5.0.png (2500,2500,3)
00873-3.0.png (2500,2500,3)
00873-3.5.png (2500,2500,3)
00873-4.0.png (2500,2500,3)
00873-4.5.png (2500,2500,3)
00873-5.0.png (2500,2500,3)
00874-3.0.png (2500,2500,3)
00874-3.5.png (2500,2500,3)
00874-4.0.png (2500,2500,3)
00874-4.5.png (2500,2500,3)
00874-5.0.png (2500,2500,3)
00875-3.0.png (2500,2500,3)
00875-3.5.png (2500,2500,3)
00875-4.0.png (2500,2500,3)
00875-4.5.png (2500,2500,3)
00875-5.0.png (2500,2500,3)
00876-3.0.png (2500,2500,3)
00876-3.5.png (2500,2500,3)
00876-4.0.png (2500,2500,3)
00876-4.5.png (2500,2500,3)
00876-5.0.png (2500,2500,3)
00877-3.0.png (2500,2500,3)
00877-3.5.png (2500,2500,3)
00877-4.0.png (2500,2500,3)
00877-4.5.png (2500,2500,3)
00877-5.0.png (2500,2500,3)
00879-3.0.png (2500,2500,3)
00879-3.5.png (2500,2500,3)
00879-4.0.png (2500,2500,3)
00879-4.5.png (2500,2500,3)
00879-5.0.png (2500,2500,3)
00880-3.0.png (2500,2500,3)
00880-3.5.png (2500,2500,3)
00880-4.0.png (2500,2500,3)
00880-4.5.png (2500,2500,3)
00880-5.0.png (2500,2500,3)
00881-3.0.png (2500,2500,3)
00881-3.5.png (2500,2500,3)
00881-4.0.png (2500,2500,3)
00881-4.5.png (2500,2500,3)
00881-5.0.png (2500,2500,3)
00882-3.0.png (2500,2500,3)
00882-3.5.png (2500,2500,3)
00882-4.0.png (2500,2500,3)
00882-4.5.png (2500,2500,3)
00882-5.0.png (2500,2500,3)
00885-3.0.png (2500,2500,3)
00885-3.5.png (2500,2500,3)
00885-4.0.png (2500,2500,3)
00885-4.5.png (2500,2500,3)
00885-5.0.png (2500,2500,3)
